ISO-10303-21;
HEADER;
FILE_DESCRIPTION((''),'2;1');
FILE_NAME('C-1776113-2','2016-07-06T',('workeradm'),('Tyco Electronics Ltd.'),
'CREO PARAMETRIC BY PTC INC, 2016050','CREO PARAMETRIC BY PTC INC, 2016050','');
FILE_SCHEMA(('AUTOMOTIVE_DESIGN { 1 0 10303 214 1 1 1 1 }'));
ENDSEC;
DATA;
#134=CARTESIAN_POINT('',(-2.952368941075E0,-2.718078062431E0,
-6.361149542040E0));
#135=CARTESIAN_POINT('',(-3.010990757594E0,-2.771988977974E0,
-6.407804566583E0));
#136=CARTESIAN_POINT('',(-3.110466205864E0,-2.883793494672E0,
-6.504690135436E0));
#137=CARTESIAN_POINT('',(-3.218445814397E0,-3.051581556657E0,
-6.649976463985E0));
#138=CARTESIAN_POINT('',(-3.295322302493E0,-3.214667733422E0,
-6.791216327596E0));
#139=CARTESIAN_POINT('',(-3.347555258268E0,-3.369084003548E0,
-6.924941342491E0));
#140=CARTESIAN_POINT('',(-3.380409229739E0,-3.511808441250E0,
-7.048542130277E0));
#141=CARTESIAN_POINT('',(-3.398347368249E0,-3.640535167326E0,
-7.160022901599E0));
#142=CARTESIAN_POINT('',(-3.403018262298E0,-3.715336223235E0,
-7.224799913419E0));
#143=CARTESIAN_POINT('',(-3.404149245749E0,-3.75E0,-7.254820278676E0));
#145=CARTESIAN_POINT('',(-2.703246102187E0,-2.718077296825E0,
-6.674099364891E0));
#146=DIRECTION('',(-5.318836927180E-1,-7.333653953286E-1,-4.234087084073E-1));
#147=DIRECTION('',(1.409328292956E-6,-5.000007666009E-1,8.660249611856E-1));
#148=AXIS2_PLACEMENT_3D('',#145,#146,#147);
#150=DIRECTION('',(-1.E0,0.E0,0.E0));
#151=VECTOR('',#150,2.569237600314E0);
#152=CARTESIAN_POINT('',(-4.224031047917E-1,-3.75E0,-6.808E0));
#153=LINE('',#152,#151);
#154=CARTESIAN_POINT('',(-3.404149245749E0,-3.75E0,-7.254820278676E0));
#155=CARTESIAN_POINT('',(-3.402797525071E0,-3.75E0,-7.218941581886E0));
#156=CARTESIAN_POINT('',(-3.392950639037E0,-3.75E0,-7.149662494775E0));
#157=CARTESIAN_POINT('',(-3.356542051657E0,-3.75E0,-7.049400617682E0));
#158=CARTESIAN_POINT('',(-3.302492964132E0,-3.75E0,-6.963999997964E0));
#159=CARTESIAN_POINT('',(-3.236646653103E0,-3.75E0,-6.896265840231E0));
#160=CARTESIAN_POINT('',(-3.157705634988E0,-3.75E0,-6.844344345927E0));
#161=CARTESIAN_POINT('',(-3.072827507764E0,-3.75E0,-6.814030370684E0));
#162=CARTESIAN_POINT('',(-3.018656457794E0,-3.75E0,-6.807999998736E0));
#163=CARTESIAN_POINT('',(-2.991640705106E0,-3.75E0,-6.808E0));
#165=CARTESIAN_POINT('',(-2.205E0,-3.75E0,-7.3E0));
#166=DIRECTION('',(0.E0,-1.E0,0.E0));
#167=DIRECTION('',(-9.992909935436E-1,0.E0,3.764983695311E-2));
#168=AXIS2_PLACEMENT_3D('',#165,#166,#167);
#170=CARTESIAN_POINT('',(-1.35E0,-3.75E0,-7.3E0));
#171=DIRECTION('',(0.E0,-1.E0,0.E0));
#172=DIRECTION('',(1.E0,0.E0,0.E0));
#173=AXIS2_PLACEMENT_3D('',#170,#171,#172);
#175=CARTESIAN_POINT('',(-2.670122208360E0,-2.870118841983E0,
-6.299999661159E0));
#176=CARTESIAN_POINT('',(-2.675351969978E0,-2.878071689131E0,
-6.304590700055E0));
#177=CARTESIAN_POINT('',(-2.686083420480E0,-2.894027656035E0,
-6.313805616192E0));
#178=CARTESIAN_POINT('',(-2.697422474537E0,-2.910051459657E0,
-6.323053780279E0));
#179=CARTESIAN_POINT('',(-2.703245871543E0,-2.918078644414E0,
-6.327688637982E0));
#181=CARTESIAN_POINT('',(-2.703245871543E0,-2.918078644414E0,
-6.327688637982E0));
#182=CARTESIAN_POINT('',(-2.738072416644E0,-2.966087398214E0,
-6.355406504912E0));
#183=CARTESIAN_POINT('',(-2.797488623901E0,-3.064041365579E0,
-6.411962221252E0));
#184=CARTESIAN_POINT('',(-2.865133440079E0,-3.212637245069E0,
-6.497753301721E0));
#185=CARTESIAN_POINT('',(-2.915422295334E0,-3.358334673621E0,
-6.581871963163E0));
#186=CARTESIAN_POINT('',(-2.951790601671E0,-3.498174189534E0,
-6.662608288482E0));
#187=CARTESIAN_POINT('',(-2.976863340429E0,-3.630097321762E0,
-6.738774159887E0));
#188=CARTESIAN_POINT('',(-2.987486061399E0,-3.711120374788E0,
-6.785552837918E0));
#189=CARTESIAN_POINT('',(-2.991640705106E0,-3.75E0,-6.808E0));
#191=CARTESIAN_POINT('',(-4.224031047917E-1,-3.75E0,-6.808E0));
#192=CARTESIAN_POINT('',(-4.566465324524E-1,-3.638176767945E0,
-6.743438826871E0));
#193=CARTESIAN_POINT('',(-4.986056955654E-1,-3.528650539427E0,
-6.680203829353E0));
#194=CARTESIAN_POINT('',(-5.509921647118E-1,-3.422228559232E0,
-6.618761070440E0));
#196=CARTESIAN_POINT('',(-7.34E-1,-2.870118189755E0,-6.3E0));
#197=CARTESIAN_POINT('',(-6.956761590502E-1,-3.059973588967E0,
-6.409613065842E0));
#198=CARTESIAN_POINT('',(-6.382666849709E-1,-3.244932257003E0,
-6.516399002622E0));
#199=CARTESIAN_POINT('',(-5.509921647118E-1,-3.422228559232E0,
-6.618761070440E0));
#201=CARTESIAN_POINT('',(2.954623898038E0,-3.271729775251E0,-6.531870333578E0));
#202=CARTESIAN_POINT('',(2.937194083871E0,-3.236323049086E0,-6.511428065077E0));
#203=CARTESIAN_POINT('',(2.904768507790E0,-3.166336646411E0,-6.471021995475E0));
#204=CARTESIAN_POINT('',(2.862433498527E0,-3.064224893159E0,-6.412067506764E0));
#205=CARTESIAN_POINT('',(2.825581523467E0,-2.965229614601E0,-6.354912619745E0));
#206=CARTESIAN_POINT('',(2.804215951671E0,-2.901439816637E0,-6.318083553162E0));
#207=CARTESIAN_POINT('',(2.794235973091E0,-2.870118228033E0,-6.299999980110E0));
#209=CARTESIAN_POINT('',(8.576311928187E-1,-2.976032595248E0,
-6.361149710522E0));
#210=CARTESIAN_POINT('',(8.821859950957E-1,-2.942176591659E0,
-6.341602937736E0));
#211=CARTESIAN_POINT('',(9.032575115042E-1,-2.906721644289E0,
-6.321133014328E0));
#212=CARTESIAN_POINT('',(9.218270145082E-1,-2.870118189755E0,-6.3E0));
#214=CARTESIAN_POINT('',(8.576311928187E-1,-2.976032595248E0,
-6.361149710522E0));
#215=CARTESIAN_POINT('',(7.714168164584E-1,-3.094904423355E0,
-6.429780392479E0));
#216=CARTESIAN_POINT('',(6.357989845059E-1,-3.345787850919E0,
-6.574628006918E0));
#217=CARTESIAN_POINT('',(5.460422143446E-1,-3.613041525495E0,
-6.728926987877E0));
#218=CARTESIAN_POINT('',(5.104973732329E-1,-3.75E0,-6.808E0));
#220=CARTESIAN_POINT('',(3.093485279174E0,-3.75E0,-6.808E0));
#221=CARTESIAN_POINT('',(3.085249485331E0,-3.687904572018E0,-6.772149187940E0));
#222=CARTESIAN_POINT('',(3.063270067694E0,-3.569729831832E0,-6.703920940092E0));
#223=CARTESIAN_POINT('',(3.015136298166E0,-3.407624738143E0,-6.610329654665E0));
#224=CARTESIAN_POINT('',(2.975865000753E0,-3.314872325490E0,-6.556778696572E0));
#225=CARTESIAN_POINT('',(2.954623898038E0,-3.271729775251E0,-6.531870333578E0));
#227=DIRECTION('',(-9.999999999999E-1,-3.368732809370E-7,1.750099957552E-7));
#228=VECTOR('',#227,1.936122208360E0);
#229=CARTESIAN_POINT('',(-7.34E-1,-2.870118189755E0,-6.3E0));
#230=LINE('',#229,#228);
#231=DIRECTION('',(0.E0,-1.E0,0.E0));
#232=VECTOR('',#231,2.041050536640E0);
#233=CARTESIAN_POINT('',(-7.34E-1,-8.290676531154E-1,-6.3E0));
#234=LINE('',#233,#232);
#235=DIRECTION('',(-1.E0,0.E0,0.E0));
#236=VECTOR('',#235,2.154172985492E0);
#237=CARTESIAN_POINT('',(-7.34E-1,-8.290676531154E-1,-6.3E0));
#238=LINE('',#237,#236);
#239=DIRECTION('',(2.221203563747E-8,-1.E0,-1.056389307967E-8));
#240=VECTOR('',#239,1.698364655763E0);
#241=CARTESIAN_POINT('',(-2.888172985492E0,-8.290676531154E-1,-6.3E0));
#242=LINE('',#241,#240);
#243=CARTESIAN_POINT('',(-2.670122208360E0,-2.870118841983E0,
-6.299999661159E0));
#244=CARTESIAN_POINT('',(-2.683746739770E0,-2.870119849799E0,
-6.299999661159E0));
#245=CARTESIAN_POINT('',(-2.710789862079E0,-2.868139841181E0,
-6.300000157256E0));
#246=CARTESIAN_POINT('',(-2.752727656397E0,-2.856614454027E0,
-6.299999957864E0));
#247=CARTESIAN_POINT('',(-2.790230890889E0,-2.835645269697E0,
-6.300000011287E0));
#248=CARTESIAN_POINT('',(-2.820796429423E0,-2.806616035118E0,
-6.299999996986E0));
#249=CARTESIAN_POINT('',(-2.843573257343E0,-2.772812188778E0,
-6.300000000768E0));
#250=CARTESIAN_POINT('',(-2.860749818723E0,-2.734500672740E0,
-6.299999999943E0));
#251=CARTESIAN_POINT('',(-2.873436306746E0,-2.691017129546E0,
-6.299999999460E0));
#252=CARTESIAN_POINT('',(-2.882150213695E0,-2.642002054642E0,
-6.300000002215E0));
#253=CARTESIAN_POINT('',(-2.887160708929E0,-2.587085042884E0,
-6.299999991678E0));
#254=CARTESIAN_POINT('',(-2.888173154612E0,-2.547828812022E0,
-6.300000017941E0));
#255=CARTESIAN_POINT('',(-2.888172947768E0,-2.527432308879E0,
-6.300000017941E0));
#257=DIRECTION('',(0.E0,1.E0,0.E0));
#258=VECTOR('',#257,3.145271275594E0);
#259=CARTESIAN_POINT('',(-5.509921647118E-1,-3.422228559232E0,
-6.618761070440E0));
#260=LINE('',#259,#258);
#261=DIRECTION('',(1.E0,0.E0,0.E0));
#262=VECTOR('',#261,7.62E0);
#263=CARTESIAN_POINT('',(-3.81E0,-4.25E0,-7.3E0));
#264=LINE('',#263,#262);
#265=DIRECTION('',(-1.E0,0.E0,0.E0));
#266=VECTOR('',#265,3.105E0);
#267=CARTESIAN_POINT('',(-3.E-1,-3.75E0,-7.3E0));
#268=LINE('',#267,#266);
#269=DIRECTION('',(0.E0,-1.E0,0.E0));
#270=VECTOR('',#269,4.E0);
#271=CARTESIAN_POINT('',(-3.405E0,2.5E-1,-7.3E0));
#272=LINE('',#271,#270);
#273=DIRECTION('',(1.E0,0.E0,0.E0));
#274=VECTOR('',#273,3.105E0);
#275=CARTESIAN_POINT('',(-3.405E0,2.5E-1,-7.3E0));
#276=LINE('',#275,#274);
#277=DIRECTION('',(0.E0,-1.E0,0.E0));
#278=VECTOR('',#277,4.E0);
#279=CARTESIAN_POINT('',(-3.E-1,2.5E-1,-7.3E0));
#280=LINE('',#279,#278);
#281=DIRECTION('',(1.E0,0.E0,0.E0));
#282=VECTOR('',#281,3.105E0);
#283=CARTESIAN_POINT('',(4.05E-1,2.5E-1,-7.3E0));
#284=LINE('',#283,#282);
#285=DIRECTION('',(0.E0,-1.E0,0.E0));
#286=VECTOR('',#285,4.E0);
#287=CARTESIAN_POINT('',(3.51E0,2.5E-1,-7.3E0));
#288=LINE('',#287,#286);
#289=DIRECTION('',(-1.E0,0.E0,0.E0));
#290=VECTOR('',#289,3.105E0);
#291=CARTESIAN_POINT('',(3.51E0,-3.75E0,-7.3E0));
#292=LINE('',#291,#290);
#293=DIRECTION('',(0.E0,-1.E0,0.E0));
#294=VECTOR('',#293,4.E0);
#295=CARTESIAN_POINT('',(4.05E-1,2.5E-1,-7.3E0));
#296=LINE('',#295,#294);
#297=DIRECTION('',(0.E0,-1.E0,0.E0));
#298=VECTOR('',#297,8.5E0);
#299=CARTESIAN_POINT('',(-3.81E0,4.25E0,0.E0));
#300=LINE('',#299,#298);
#301=DIRECTION('',(0.E0,0.E0,-1.E0));
#302=VECTOR('',#301,7.3E0);
#303=CARTESIAN_POINT('',(-3.81E0,-4.25E0,0.E0));
#304=LINE('',#303,#302);
#305=DIRECTION('',(0.E0,1.E0,0.E0));
#306=VECTOR('',#305,5.E0);
#307=CARTESIAN_POINT('',(-3.81E0,-4.25E0,-7.3E0));
#308=LINE('',#307,#306);
#309=DIRECTION('',(0.E0,0.E0,1.E0));
#310=VECTOR('',#309,5.E-1);
#311=CARTESIAN_POINT('',(-3.81E0,7.5E-1,-7.3E0));
#312=LINE('',#311,#310);
#313=DIRECTION('',(0.E0,1.E0,0.E0));
#314=VECTOR('',#313,3.5E0);
#315=CARTESIAN_POINT('',(-3.81E0,7.5E-1,-6.8E0));
#316=LINE('',#315,#314);
#317=DIRECTION('',(0.E0,0.E0,1.E0));
#318=VECTOR('',#317,6.8E0);
#319=CARTESIAN_POINT('',(-3.81E0,4.25E0,-6.8E0));
#320=LINE('',#319,#318);
#321=DIRECTION('',(1.E0,0.E0,0.E0));
#322=VECTOR('',#321,1.95E0);
#323=CARTESIAN_POINT('',(1.405E0,-2.7E0,0.E0));
#324=LINE('',#323,#322);
#325=DIRECTION('',(0.E0,-1.E0,0.E0));
#326=VECTOR('',#325,6.95E0);
#327=CARTESIAN_POINT('',(3.355E0,4.25E0,0.E0));
#328=LINE('',#327,#326);
#329=DIRECTION('',(1.E0,0.E0,0.E0));
#330=VECTOR('',#329,4.55E-1);
#331=CARTESIAN_POINT('',(3.355E0,4.25E0,0.E0));
#332=LINE('',#331,#330);
#333=DIRECTION('',(1.E0,0.E0,0.E0));
#334=VECTOR('',#333,1.405E0);
#335=CARTESIAN_POINT('',(-3.81E0,4.25E0,0.E0));
#336=LINE('',#335,#334);
#337=DIRECTION('',(0.E0,-1.E0,0.E0));
#338=VECTOR('',#337,6.95E0);
#339=CARTESIAN_POINT('',(-2.405E0,4.25E0,0.E0));
#340=LINE('',#339,#338);
#341=DIRECTION('',(1.E0,0.E0,0.E0));
#342=VECTOR('',#341,1.95E0);
#343=CARTESIAN_POINT('',(-2.405E0,-2.7E0,0.E0));
#344=LINE('',#343,#342);
#345=DIRECTION('',(0.E0,-1.E0,0.E0));
#346=VECTOR('',#345,6.95E0);
#347=CARTESIAN_POINT('',(-4.55E-1,4.25E0,0.E0));
#348=LINE('',#347,#346);
#349=DIRECTION('',(1.E0,0.E0,0.E0));
#350=VECTOR('',#349,1.86E0);
#351=CARTESIAN_POINT('',(-4.55E-1,4.25E0,0.E0));
#352=LINE('',#351,#350);
#353=DIRECTION('',(0.E0,-1.E0,0.E0));
#354=VECTOR('',#353,6.95E0);
#355=CARTESIAN_POINT('',(1.405E0,4.25E0,0.E0));
#356=LINE('',#355,#354);
#357=DIRECTION('',(0.E0,0.E0,1.E0));
#358=VECTOR('',#357,2.5E-1);
#359=CARTESIAN_POINT('',(2.182E0,-2.7E0,-1.068E0));
#360=LINE('',#359,#358);
#361=DIRECTION('',(-1.E0,0.E0,0.E0));
#362=VECTOR('',#361,2.23E-1);
#363=CARTESIAN_POINT('',(2.405E0,-2.7E0,-1.068E0));
#364=LINE('',#363,#362);
#365=DIRECTION('',(0.E0,0.E0,-1.E0));
#366=VECTOR('',#365,8.18E-1);
#367=CARTESIAN_POINT('',(2.405E0,-2.7E0,-2.5E-1));
#368=LINE('',#367,#366);
#369=DIRECTION('',(-1.E0,0.E0,0.E0));
#370=VECTOR('',#369,9.5E-1);
#371=CARTESIAN_POINT('',(3.355E0,-2.7E0,-2.5E-1));
#372=LINE('',#371,#370);
#373=DIRECTION('',(0.E0,0.E0,-1.E0));
#374=VECTOR('',#373,2.5E-1);
#375=CARTESIAN_POINT('',(3.355E0,-2.7E0,0.E0));
#376=LINE('',#375,#374);
#377=DIRECTION('',(0.E0,0.E0,1.E0));
#378=VECTOR('',#377,1.068E0);
#379=CARTESIAN_POINT('',(1.405E0,-2.7E0,-1.068E0));
#380=LINE('',#379,#378);
#381=DIRECTION('',(-1.E0,0.E0,0.E0));
#382=VECTOR('',#381,2.23E-1);
#383=CARTESIAN_POINT('',(1.628E0,-2.7E0,-1.068E0));
#384=LINE('',#383,#382);
#385=DIRECTION('',(0.E0,0.E0,1.E0));
#386=VECTOR('',#385,2.5E-1);
#387=CARTESIAN_POINT('',(1.628E0,-2.7E0,-1.068E0));
#388=LINE('',#387,#386);
#389=DIRECTION('',(-1.E0,0.E0,0.E0));
#390=VECTOR('',#389,5.54E-1);
#391=CARTESIAN_POINT('',(2.182E0,-2.7E0,-8.18E-1));
#392=LINE('',#391,#390);
#393=DIRECTION('',(0.E0,-9.385785533963E-1,3.450656446310E-1));
#394=VECTOR('',#393,7.244998274672E-1);
#395=CARTESIAN_POINT('',(2.182E0,-1.862E0,-1.068E0));
#396=LINE('',#395,#394);
#397=DIRECTION('',(0.E0,1.E0,0.E0));
#398=VECTOR('',#397,1.58E-1);
#399=CARTESIAN_POINT('',(2.182E0,-2.7E0,-8.18E-1));
#400=LINE('',#399,#398);
#401=DIRECTION('',(1.E0,0.E0,0.E0));
#402=VECTOR('',#401,5.54E-1);
#403=CARTESIAN_POINT('',(1.628E0,-2.542E0,-8.18E-1));
#404=LINE('',#403,#402);
#405=DIRECTION('',(0.E0,9.385785533963E-1,-3.450656446310E-1));
#406=VECTOR('',#405,7.244998274672E-1);
#407=CARTESIAN_POINT('',(1.628E0,-2.542E0,-8.18E-1));
#408=LINE('',#407,#406);
#409=DIRECTION('',(0.E0,1.E0,0.E0));
#410=VECTOR('',#409,1.58E-1);
#411=CARTESIAN_POINT('',(1.628E0,-2.7E0,-8.18E-1));
#412=LINE('',#411,#410);
#413=DIRECTION('',(1.E0,0.E0,0.E0));
#414=VECTOR('',#413,5.54E-1);
#415=CARTESIAN_POINT('',(1.628E0,-1.862E0,-1.068E0));
#416=LINE('',#415,#414);
#417=DIRECTION('',(0.E0,1.E0,0.E0));
#418=VECTOR('',#417,8.38E-1);
#419=CARTESIAN_POINT('',(1.628E0,-2.7E0,-1.068E0));
#420=LINE('',#419,#418);
#421=DIRECTION('',(0.E0,-1.E0,0.E0));
#422=VECTOR('',#421,6.95E0);
#423=CARTESIAN_POINT('',(2.405E0,4.25E0,-1.068E0));
#424=LINE('',#423,#422);
#425=DIRECTION('',(0.E0,1.E0,0.E0));
#426=VECTOR('',#425,8.38E-1);
#427=CARTESIAN_POINT('',(2.182E0,-2.7E0,-1.068E0));
#428=LINE('',#427,#426);
#429=DIRECTION('',(0.E0,-1.E0,0.E0));
#430=VECTOR('',#429,6.95E0);
#431=CARTESIAN_POINT('',(1.405E0,4.25E0,-1.068E0));
#432=LINE('',#431,#430);
#433=CARTESIAN_POINT('',(-1.905E0,4.25E0,-3.85E0));
#434=DIRECTION('',(0.E0,1.E0,0.E0));
#435=DIRECTION('',(1.E0,0.E0,0.E0));
#436=AXIS2_PLACEMENT_3D('',#433,#434,#435);
#438=CARTESIAN_POINT('',(-1.905E0,4.25E0,-3.85E0));
#439=DIRECTION('',(0.E0,1.E0,0.E0));
#440=DIRECTION('',(-1.E0,0.E0,0.E0));
#441=AXIS2_PLACEMENT_3D('',#438,#439,#440);
#443=CARTESIAN_POINT('',(1.905E0,4.25E0,-3.85E0));
#444=DIRECTION('',(0.E0,1.E0,0.E0));
#445=DIRECTION('',(1.E0,0.E0,0.E0));
#446=AXIS2_PLACEMENT_3D('',#443,#444,#445);
#448=CARTESIAN_POINT('',(1.905E0,4.25E0,-3.85E0));
#449=DIRECTION('',(0.E0,1.E0,0.E0));
#450=DIRECTION('',(-1.E0,0.E0,0.E0));
#451=AXIS2_PLACEMENT_3D('',#448,#449,#450);
#453=DIRECTION('',(0.E0,0.E0,-1.E0));
#454=VECTOR('',#453,1.068E0);
#455=CARTESIAN_POINT('',(1.405E0,4.25E0,0.E0));
#456=LINE('',#455,#454);
#457=DIRECTION('',(0.E0,0.E0,-1.E0));
#458=VECTOR('',#457,2.5E-1);
#459=CARTESIAN_POINT('',(-4.55E-1,4.25E0,0.E0));
#460=LINE('',#459,#458);
#461=DIRECTION('',(-1.E0,0.E0,0.E0));
#462=VECTOR('',#461,9.5E-1);
#463=CARTESIAN_POINT('',(-4.55E-1,4.25E0,-2.5E-1));
#464=LINE('',#463,#462);
#465=DIRECTION('',(0.E0,0.E0,-1.E0));
#466=VECTOR('',#465,8.18E-1);
#467=CARTESIAN_POINT('',(-1.405E0,4.25E0,-2.5E-1));
#468=LINE('',#467,#466);
#469=DIRECTION('',(-1.E0,0.E0,0.E0));
#470=VECTOR('',#469,1.E0);
#471=CARTESIAN_POINT('',(-1.405E0,4.25E0,-1.068E0));
#472=LINE('',#471,#470);
#473=DIRECTION('',(0.E0,0.E0,-1.E0));
#474=VECTOR('',#473,1.068E0);
#475=CARTESIAN_POINT('',(-2.405E0,4.25E0,0.E0));
#476=LINE('',#475,#474);
#477=DIRECTION('',(1.E0,0.E0,0.E0));
#478=VECTOR('',#477,7.62E0);
#479=CARTESIAN_POINT('',(-3.81E0,4.25E0,-6.8E0));
#480=LINE('',#479,#478);
#481=DIRECTION('',(0.E0,0.E0,-1.E0));
#482=VECTOR('',#481,2.5E-1);
#483=CARTESIAN_POINT('',(3.355E0,4.25E0,0.E0));
#484=LINE('',#483,#482);
#485=DIRECTION('',(-1.E0,0.E0,0.E0));
#486=VECTOR('',#485,9.5E-1);
#487=CARTESIAN_POINT('',(3.355E0,4.25E0,-2.5E-1));
#488=LINE('',#487,#486);
#489=DIRECTION('',(0.E0,0.E0,-1.E0));
#490=VECTOR('',#489,8.18E-1);
#491=CARTESIAN_POINT('',(2.405E0,4.25E0,-2.5E-1));
#492=LINE('',#491,#490);
#493=DIRECTION('',(-1.E0,0.E0,0.E0));
#494=VECTOR('',#493,1.E0);
#495=CARTESIAN_POINT('',(2.405E0,4.25E0,-1.068E0));
#496=LINE('',#495,#494);
#497=DIRECTION('',(0.E0,-1.E0,0.E0));
#498=VECTOR('',#497,6.E-1);
#499=CARTESIAN_POINT('',(-1.605E0,3.497E0,-5.268626095911E0));
#500=LINE('',#499,#498);
#501=DIRECTION('',(0.E0,-1.E0,0.E0));
#502=VECTOR('',#501,7.53E-1);
#503=CARTESIAN_POINT('',(-4.55E-1,4.25E0,-3.85E0));
#504=LINE('',#503,#502);
#505=DIRECTION('',(0.E0,0.E0,1.E0));
#506=VECTOR('',#505,2.837252191822E0);
#507=CARTESIAN_POINT('',(-2.205E0,3.497E0,-5.268626095911E0));
#508=LINE('',#507,#506);
#509=CARTESIAN_POINT('',(-1.905E0,3.497E0,-3.85E0));
#510=DIRECTION('',(0.E0,1.E0,0.E0));
#511=DIRECTION('',(-1.E0,0.E0,0.E0));
#512=AXIS2_PLACEMENT_3D('',#509,#510,#511);
#514=CARTESIAN_POINT('',(-1.905E0,3.497E0,-3.85E0));
#515=DIRECTION('',(0.E0,1.E0,0.E0));
#516=DIRECTION('',(-2.068965517241E-1,0.E0,-9.783628247663E-1));
#517=AXIS2_PLACEMENT_3D('',#514,#515,#516);
#519=DIRECTION('',(0.E0,0.E0,-1.E0));
#520=VECTOR('',#519,2.837252191822E0);
#521=CARTESIAN_POINT('',(-1.605E0,3.497E0,-2.431373904089E0));
#522=LINE('',#521,#520);
#523=CARTESIAN_POINT('',(-1.905E0,3.497E0,-3.85E0));
#524=DIRECTION('',(0.E0,1.E0,0.E0));
#525=DIRECTION('',(1.E0,0.E0,0.E0));
#526=AXIS2_PLACEMENT_3D('',#523,#524,#525);
#528=CARTESIAN_POINT('',(-1.905E0,3.497E0,-3.85E0));
#529=DIRECTION('',(0.E0,1.E0,0.E0));
#530=DIRECTION('',(2.068965517241E-1,0.E0,9.783628247663E-1));
#531=AXIS2_PLACEMENT_3D('',#528,#529,#530);
#533=DIRECTION('',(0.E0,-1.E0,0.E0));
#534=VECTOR('',#533,6.E-1);
#535=CARTESIAN_POINT('',(-2.205E0,3.497E0,-5.268626095911E0));
#536=LINE('',#535,#534);
#537=DIRECTION('',(0.E0,0.E0,1.E0));
#538=VECTOR('',#537,2.837252191822E0);
#539=CARTESIAN_POINT('',(-2.205E0,2.897E0,-5.268626095911E0));
#540=LINE('',#539,#538);
#541=CARTESIAN_POINT('',(-1.905E0,2.897E0,-3.85E0));
#542=DIRECTION('',(0.E0,1.E0,0.E0));
#543=DIRECTION('',(2.068965517241E-1,0.E0,-9.783628247663E-1));
#544=AXIS2_PLACEMENT_3D('',#541,#542,#543);
#546=DIRECTION('',(0.E0,0.E0,-1.E0));
#547=VECTOR('',#546,2.837252191822E0);
#548=CARTESIAN_POINT('',(-1.605E0,2.897E0,-2.431373904089E0));
#549=LINE('',#548,#547);
#550=CARTESIAN_POINT('',(-1.905E0,2.897E0,-3.85E0));
#551=DIRECTION('',(0.E0,1.E0,0.E0));
#552=DIRECTION('',(-2.068965517241E-1,0.E0,9.783628247663E-1));
#553=AXIS2_PLACEMENT_3D('',#550,#551,#552);
#555=DIRECTION('',(0.E0,-1.E0,0.E0));
#556=VECTOR('',#555,6.E-1);
#557=CARTESIAN_POINT('',(-1.605E0,3.497E0,-2.431373904089E0));
#558=LINE('',#557,#556);
#559=DIRECTION('',(0.E0,-1.E0,0.E0));
#560=VECTOR('',#559,6.E-1);
#561=CARTESIAN_POINT('',(-2.205E0,3.497E0,-2.431373904089E0));
#562=LINE('',#561,#560);
#563=DIRECTION('',(0.E0,-1.E0,0.E0));
#564=VECTOR('',#563,7.53E-1);
#565=CARTESIAN_POINT('',(-3.355E0,4.25E0,-3.85E0));
#566=LINE('',#565,#564);
#567=DIRECTION('',(0.E0,-1.E0,0.E0));
#568=VECTOR('',#567,6.E-1);
#569=CARTESIAN_POINT('',(2.205E0,3.497E0,-5.268626095911E0));
#570=LINE('',#569,#568);
#571=DIRECTION('',(0.E0,-1.E0,0.E0));
#572=VECTOR('',#571,7.53E-1);
#573=CARTESIAN_POINT('',(3.355E0,4.25E0,-3.85E0));
#574=LINE('',#573,#572);
#575=DIRECTION('',(0.E0,0.E0,1.E0));
#576=VECTOR('',#575,2.837252191822E0);
#577=CARTESIAN_POINT('',(1.605E0,3.497E0,-5.268626095911E0));
#578=LINE('',#577,#576);
#579=CARTESIAN_POINT('',(1.905E0,3.497E0,-3.85E0));
#580=DIRECTION('',(0.E0,1.E0,0.E0));
#581=DIRECTION('',(-1.E0,0.E0,0.E0));
#582=AXIS2_PLACEMENT_3D('',#579,#580,#581);
#584=CARTESIAN_POINT('',(1.905E0,3.497E0,-3.85E0));
#585=DIRECTION('',(0.E0,1.E0,0.E0));
#586=DIRECTION('',(-2.068965517241E-1,0.E0,-9.783628247663E-1));
#587=AXIS2_PLACEMENT_3D('',#584,#585,#586);
#589=DIRECTION('',(0.E0,0.E0,-1.E0));
#590=VECTOR('',#589,2.837252191822E0);
#591=CARTESIAN_POINT('',(2.205E0,3.497E0,-2.431373904089E0));
#592=LINE('',#591,#590);
#593=CARTESIAN_POINT('',(1.905E0,3.497E0,-3.85E0));
#594=DIRECTION('',(0.E0,1.E0,0.E0));
#595=DIRECTION('',(1.E0,0.E0,0.E0));
#596=AXIS2_PLACEMENT_3D('',#593,#594,#595);
#598=CARTESIAN_POINT('',(1.905E0,3.497E0,-3.85E0));
#599=DIRECTION('',(0.E0,1.E0,0.E0));
#600=DIRECTION('',(2.068965517241E-1,0.E0,9.783628247663E-1));
#601=AXIS2_PLACEMENT_3D('',#598,#599,#600);
#603=DIRECTION('',(0.E0,-1.E0,0.E0));
#604=VECTOR('',#603,6.E-1);
#605=CARTESIAN_POINT('',(1.605E0,3.497E0,-5.268626095911E0));
#606=LINE('',#605,#604);
#607=DIRECTION('',(0.E0,0.E0,1.E0));
#608=VECTOR('',#607,2.837252191822E0);
#609=CARTESIAN_POINT('',(1.605E0,2.897E0,-5.268626095911E0));
#610=LINE('',#609,#608);
#611=CARTESIAN_POINT('',(1.905E0,2.897E0,-3.85E0));
#612=DIRECTION('',(0.E0,1.E0,0.E0));
#613=DIRECTION('',(2.068965517241E-1,0.E0,-9.783628247663E-1));
#614=AXIS2_PLACEMENT_3D('',#611,#612,#613);
#616=DIRECTION('',(0.E0,0.E0,-1.E0));
#617=VECTOR('',#616,2.837252191822E0);
#618=CARTESIAN_POINT('',(2.205E0,2.897E0,-2.431373904089E0));
#619=LINE('',#618,#617);
#620=CARTESIAN_POINT('',(1.905E0,2.897E0,-3.85E0));
#621=DIRECTION('',(0.E0,1.E0,0.E0));
#622=DIRECTION('',(-2.068965517241E-1,0.E0,9.783628247663E-1));
#623=AXIS2_PLACEMENT_3D('',#620,#621,#622);
#625=DIRECTION('',(0.E0,-1.E0,0.E0));
#626=VECTOR('',#625,6.E-1);
#627=CARTESIAN_POINT('',(2.205E0,3.497E0,-2.431373904089E0));
#628=LINE('',#627,#626);
#629=DIRECTION('',(0.E0,-1.E0,0.E0));
#630=VECTOR('',#629,6.E-1);
#631=CARTESIAN_POINT('',(1.605E0,3.497E0,-2.431373904089E0));
#632=LINE('',#631,#630);
#633=DIRECTION('',(0.E0,-1.E0,0.E0));
#634=VECTOR('',#633,7.53E-1);
#635=CARTESIAN_POINT('',(4.55E-1,4.25E0,-3.85E0));
#636=LINE('',#635,#634);
#637=DIRECTION('',(0.E0,0.E0,-1.E0));
#638=VECTOR('',#637,2.5E-1);
#639=CARTESIAN_POINT('',(-1.628E0,-2.7E0,-8.18E-1));
#640=LINE('',#639,#638);
#641=DIRECTION('',(-1.E0,0.E0,0.E0));
#642=VECTOR('',#641,2.23E-1);
#643=CARTESIAN_POINT('',(-1.405E0,-2.7E0,-1.068E0));
#644=LINE('',#643,#642);
#645=DIRECTION('',(0.E0,0.E0,-1.E0));
#646=VECTOR('',#645,8.18E-1);
#647=CARTESIAN_POINT('',(-1.405E0,-2.7E0,-2.5E-1));
#648=LINE('',#647,#646);
#649=DIRECTION('',(-1.E0,0.E0,0.E0));
#650=VECTOR('',#649,9.5E-1);
#651=CARTESIAN_POINT('',(-4.55E-1,-2.7E0,-2.5E-1));
#652=LINE('',#651,#650);
#653=DIRECTION('',(0.E0,0.E0,-1.E0));
#654=VECTOR('',#653,2.5E-1);
#655=CARTESIAN_POINT('',(-4.55E-1,-2.7E0,0.E0));
#656=LINE('',#655,#654);
#657=DIRECTION('',(0.E0,0.E0,1.E0));
#658=VECTOR('',#657,1.068E0);
#659=CARTESIAN_POINT('',(-2.405E0,-2.7E0,-1.068E0));
#660=LINE('',#659,#658);
#661=DIRECTION('',(-1.E0,0.E0,0.E0));
#662=VECTOR('',#661,2.23E-1);
#663=CARTESIAN_POINT('',(-2.182E0,-2.7E0,-1.068E0));
#664=LINE('',#663,#662);
#665=DIRECTION('',(0.E0,0.E0,-1.E0));
#666=VECTOR('',#665,2.5E-1);
#667=CARTESIAN_POINT('',(-2.182E0,-2.7E0,-8.18E-1));
#668=LINE('',#667,#666);
#669=DIRECTION('',(1.E0,0.E0,0.E0));
#670=VECTOR('',#669,5.54E-1);
#671=CARTESIAN_POINT('',(-2.182E0,-2.7E0,-8.18E-1));
#672=LINE('',#671,#670);
#673=DIRECTION('',(0.E0,1.E0,0.E0));
#674=VECTOR('',#673,1.58E-1);
#675=CARTESIAN_POINT('',(-1.628E0,-2.7E0,-8.18E-1));
#676=LINE('',#675,#674);
#677=DIRECTION('',(0.E0,-9.385785533963E-1,3.450656446310E-1));
#678=VECTOR('',#677,7.244998274672E-1);
#679=CARTESIAN_POINT('',(-1.628E0,-1.862E0,-1.068E0));
#680=LINE('',#679,#678);
#681=DIRECTION('',(1.E0,0.E0,0.E0));
#682=VECTOR('',#681,5.54E-1);
#683=CARTESIAN_POINT('',(-2.182E0,-2.542E0,-8.18E-1));
#684=LINE('',#683,#682);
#685=DIRECTION('',(0.E0,1.E0,0.E0));
#686=VECTOR('',#685,1.58E-1);
#687=CARTESIAN_POINT('',(-2.182E0,-2.7E0,-8.18E-1));
#688=LINE('',#687,#686);
#689=DIRECTION('',(0.E0,9.385785533963E-1,-3.450656446310E-1));
#690=VECTOR('',#689,7.244998274672E-1);
#691=CARTESIAN_POINT('',(-2.182E0,-2.542E0,-8.18E-1));
#692=LINE('',#691,#690);
#693=DIRECTION('',(1.E0,0.E0,0.E0));
#694=VECTOR('',#693,5.54E-1);
#695=CARTESIAN_POINT('',(-2.182E0,-1.862E0,-1.068E0));
#696=LINE('',#695,#694);
#697=DIRECTION('',(0.E0,1.E0,0.E0));
#698=VECTOR('',#697,8.38E-1);
#699=CARTESIAN_POINT('',(-2.182E0,-2.7E0,-1.068E0));
#700=LINE('',#699,#698);
#701=DIRECTION('',(0.E0,-1.E0,0.E0));
#702=VECTOR('',#701,6.95E0);
#703=CARTESIAN_POINT('',(-1.405E0,4.25E0,-1.068E0));
#704=LINE('',#703,#702);
#705=DIRECTION('',(0.E0,1.E0,0.E0));
#706=VECTOR('',#705,8.38E-1);
#707=CARTESIAN_POINT('',(-1.628E0,-2.7E0,-1.068E0));
#708=LINE('',#707,#706);
#709=DIRECTION('',(0.E0,-1.E0,0.E0));
#710=VECTOR('',#709,6.95E0);
#711=CARTESIAN_POINT('',(-2.405E0,4.25E0,-1.068E0));
#712=LINE('',#711,#710);
#713=DIRECTION('',(0.E0,-1.E0,0.E0));
#714=VECTOR('',#713,6.95E0);
#715=CARTESIAN_POINT('',(-1.405E0,4.25E0,-2.5E-1));
#716=LINE('',#715,#714);
#717=DIRECTION('',(0.E0,-1.E0,0.E0));
#718=VECTOR('',#717,6.95E0);
#719=CARTESIAN_POINT('',(-4.55E-1,4.25E0,-2.5E-1));
#720=LINE('',#719,#718);
#721=DIRECTION('',(1.E0,0.E0,0.E0));
#722=VECTOR('',#721,7.62E0);
#723=CARTESIAN_POINT('',(-3.81E0,7.5E-1,-6.8E0));
#724=LINE('',#723,#722);
#725=DIRECTION('',(1.E0,0.E0,0.E0));
#726=VECTOR('',#725,7.62E0);
#727=CARTESIAN_POINT('',(-3.81E0,7.5E-1,-7.3E0));
#728=LINE('',#727,#726);
#729=DIRECTION('',(0.E0,-1.E0,0.E0));
#730=VECTOR('',#729,8.5E0);
#731=CARTESIAN_POINT('',(3.81E0,4.25E0,0.E0));
#732=LINE('',#731,#730);
#733=DIRECTION('',(0.E0,0.E0,1.E0));
#734=VECTOR('',#733,6.8E0);
#735=CARTESIAN_POINT('',(3.81E0,4.25E0,-6.8E0));
#736=LINE('',#735,#734);
#737=DIRECTION('',(0.E0,1.E0,0.E0));
#738=VECTOR('',#737,3.5E0);
#739=CARTESIAN_POINT('',(3.81E0,7.5E-1,-6.8E0));
#740=LINE('',#739,#738);
#741=DIRECTION('',(0.E0,0.E0,1.E0));
#742=VECTOR('',#741,5.E-1);
#743=CARTESIAN_POINT('',(3.81E0,7.5E-1,-7.3E0));
#744=LINE('',#743,#742);
#745=DIRECTION('',(0.E0,1.E0,0.E0));
#746=VECTOR('',#745,5.E0);
#747=CARTESIAN_POINT('',(3.81E0,-4.25E0,-7.3E0));
#748=LINE('',#747,#746);
#749=DIRECTION('',(0.E0,0.E0,-1.E0));
#750=VECTOR('',#749,7.3E0);
#751=CARTESIAN_POINT('',(3.81E0,-4.25E0,0.E0));
#752=LINE('',#751,#750);
#753=DIRECTION('',(1.E0,0.E0,0.E0));
#754=VECTOR('',#753,7.62E0);
#755=CARTESIAN_POINT('',(-3.81E0,-4.25E0,0.E0));
#756=LINE('',#755,#754);
#757=DIRECTION('',(0.E0,0.E0,-1.E0));
#758=VECTOR('',#757,5.5E-1);
#759=CARTESIAN_POINT('',(-3.255E0,-4.25E0,-7.E-1));
#760=LINE('',#759,#758);
#761=DIRECTION('',(1.E0,0.E0,0.E0));
#762=VECTOR('',#761,5.5E-1);
#763=CARTESIAN_POINT('',(-3.255E0,-4.25E0,-1.25E0));
#764=LINE('',#763,#762);
#765=DIRECTION('',(0.E0,0.E0,-1.E0));
#766=VECTOR('',#765,5.5E-1);
#767=CARTESIAN_POINT('',(-2.705E0,-4.25E0,-1.25E0));
#768=LINE('',#767,#766);
#769=DIRECTION('',(-1.E0,0.E0,0.E0));
#770=VECTOR('',#769,5.5E-1);
#771=CARTESIAN_POINT('',(-2.705E0,-4.25E0,-1.8E0));
#772=LINE('',#771,#770);
#773=DIRECTION('',(0.E0,0.E0,-1.E0));
#774=VECTOR('',#773,4.1E0);
#775=CARTESIAN_POINT('',(-3.255E0,-4.25E0,-1.8E0));
#776=LINE('',#775,#774);
#777=DIRECTION('',(1.E0,0.E0,0.E0));
#778=VECTOR('',#777,2.755E0);
#779=CARTESIAN_POINT('',(-3.255E0,-4.25E0,-5.9E0));
#780=LINE('',#779,#778);
#781=DIRECTION('',(0.E0,0.E0,1.E0));
#782=VECTOR('',#781,4.1E0);
#783=CARTESIAN_POINT('',(-5.E-1,-4.25E0,-5.9E0));
#784=LINE('',#783,#782);
#785=DIRECTION('',(-1.E0,0.E0,0.E0));
#786=VECTOR('',#785,6.05E-1);
#787=CARTESIAN_POINT('',(-5.E-1,-4.25E0,-1.8E0));
#788=LINE('',#787,#786);
#789=DIRECTION('',(0.E0,0.E0,1.E0));
#790=VECTOR('',#789,5.5E-1);
#791=CARTESIAN_POINT('',(-1.105E0,-4.25E0,-1.8E0));
#792=LINE('',#791,#790);
#793=DIRECTION('',(1.E0,0.E0,0.E0));
#794=VECTOR('',#793,5.5E-1);
#795=CARTESIAN_POINT('',(-1.105E0,-4.25E0,-1.25E0));
#796=LINE('',#795,#794);
#797=DIRECTION('',(0.E0,0.E0,1.E0));
#798=VECTOR('',#797,5.5E-1);
#799=CARTESIAN_POINT('',(-5.55E-1,-4.25E0,-1.25E0));
#800=LINE('',#799,#798);
#801=DIRECTION('',(-1.E0,0.E0,0.E0));
#802=VECTOR('',#801,2.7E0);
#803=CARTESIAN_POINT('',(-5.55E-1,-4.25E0,-7.E-1));
#804=LINE('',#803,#802);
#805=DIRECTION('',(0.E0,0.E0,-1.E0));
#806=VECTOR('',#805,5.5E-1);
#807=CARTESIAN_POINT('',(5.55E-1,-4.25E0,-7.E-1));
#808=LINE('',#807,#806);
#809=DIRECTION('',(1.E0,0.E0,0.E0));
#810=VECTOR('',#809,5.5E-1);
#811=CARTESIAN_POINT('',(5.55E-1,-4.25E0,-1.25E0));
#812=LINE('',#811,#810);
#813=DIRECTION('',(0.E0,0.E0,-1.E0));
#814=VECTOR('',#813,5.5E-1);
#815=CARTESIAN_POINT('',(1.105E0,-4.25E0,-1.25E0));
#816=LINE('',#815,#814);
#817=DIRECTION('',(-1.E0,0.E0,0.E0));
#818=VECTOR('',#817,5.5E-1);
#819=CARTESIAN_POINT('',(1.105E0,-4.25E0,-1.8E0));
#820=LINE('',#819,#818);
#821=DIRECTION('',(0.E0,0.E0,-1.E0));
#822=VECTOR('',#821,4.1E0);
#823=CARTESIAN_POINT('',(5.55E-1,-4.25E0,-1.8E0));
#824=LINE('',#823,#822);
#825=DIRECTION('',(1.E0,0.E0,0.E0));
#826=VECTOR('',#825,2.755E0);
#827=CARTESIAN_POINT('',(5.55E-1,-4.25E0,-5.9E0));
#828=LINE('',#827,#826);
#829=DIRECTION('',(0.E0,0.E0,1.E0));
#830=VECTOR('',#829,4.1E0);
#831=CARTESIAN_POINT('',(3.31E0,-4.25E0,-5.9E0));
#832=LINE('',#831,#830);
#833=DIRECTION('',(-1.E0,0.E0,0.E0));
#834=VECTOR('',#833,6.05E-1);
#835=CARTESIAN_POINT('',(3.31E0,-4.25E0,-1.8E0));
#836=LINE('',#835,#834);
#837=DIRECTION('',(0.E0,0.E0,1.E0));
#838=VECTOR('',#837,5.5E-1);
#839=CARTESIAN_POINT('',(2.705E0,-4.25E0,-1.8E0));
#840=LINE('',#839,#838);
#841=DIRECTION('',(1.E0,0.E0,0.E0));
#842=VECTOR('',#841,5.5E-1);
#843=CARTESIAN_POINT('',(2.705E0,-4.25E0,-1.25E0));
#844=LINE('',#843,#842);
#845=DIRECTION('',(0.E0,0.E0,1.E0));
#846=VECTOR('',#845,5.5E-1);
#847=CARTESIAN_POINT('',(3.255E0,-4.25E0,-1.25E0));
#848=LINE('',#847,#846);
#849=DIRECTION('',(-1.E0,0.E0,0.E0));
#850=VECTOR('',#849,2.7E0);
#851=CARTESIAN_POINT('',(3.255E0,-4.25E0,-7.E-1));
#852=LINE('',#851,#850);
#853=DIRECTION('',(0.E0,1.E0,0.E0));
#854=VECTOR('',#853,1.E-1);
#855=CARTESIAN_POINT('',(-3.255E0,-4.25E0,-7.E-1));
#856=LINE('',#855,#854);
#857=DIRECTION('',(0.E0,1.E0,0.E0));
#858=VECTOR('',#857,1.E-1);
#859=CARTESIAN_POINT('',(-3.255E0,-4.25E0,-1.25E0));
#860=LINE('',#859,#858);
#861=DIRECTION('',(0.E0,0.E0,-1.E0));
#862=VECTOR('',#861,5.5E-1);
#863=CARTESIAN_POINT('',(-3.255E0,-4.15E0,-7.E-1));
#864=LINE('',#863,#862);
#865=DIRECTION('',(-1.E0,0.E0,0.E0));
#866=VECTOR('',#865,2.7E0);
#867=CARTESIAN_POINT('',(-5.55E-1,-4.15E0,-7.E-1));
#868=LINE('',#867,#866);
#869=DIRECTION('',(0.E0,0.E0,1.E0));
#870=VECTOR('',#869,5.5E-1);
#871=CARTESIAN_POINT('',(-5.55E-1,-4.15E0,-1.25E0));
#872=LINE('',#871,#870);
#873=DIRECTION('',(1.E0,0.E0,0.E0));
#874=VECTOR('',#873,5.5E-1);
#875=CARTESIAN_POINT('',(-1.105E0,-4.15E0,-1.25E0));
#876=LINE('',#875,#874);
#877=DIRECTION('',(0.E0,0.E0,1.E0));
#878=VECTOR('',#877,5.5E-1);
#879=CARTESIAN_POINT('',(-1.105E0,-4.15E0,-1.8E0));
#880=LINE('',#879,#878);
#881=DIRECTION('',(-1.E0,0.E0,0.E0));
#882=VECTOR('',#881,6.05E-1);
#883=CARTESIAN_POINT('',(-5.E-1,-4.15E0,-1.8E0));
#884=LINE('',#883,#882);
#885=DIRECTION('',(0.E0,0.E0,1.E0));
#886=VECTOR('',#885,4.1E0);
#887=CARTESIAN_POINT('',(-5.E-1,-4.15E0,-5.9E0));
#888=LINE('',#887,#886);
#889=DIRECTION('',(1.E0,0.E0,0.E0));
#890=VECTOR('',#889,2.755E0);
#891=CARTESIAN_POINT('',(-3.255E0,-4.15E0,-5.9E0));
#892=LINE('',#891,#890);
#893=DIRECTION('',(0.E0,0.E0,-1.E0));
#894=VECTOR('',#893,4.1E0);
#895=CARTESIAN_POINT('',(-3.255E0,-4.15E0,-1.8E0));
#896=LINE('',#895,#894);
#897=DIRECTION('',(-1.E0,0.E0,0.E0));
#898=VECTOR('',#897,5.5E-1);
#899=CARTESIAN_POINT('',(-2.705E0,-4.15E0,-1.8E0));
#900=LINE('',#899,#898);
#901=DIRECTION('',(0.E0,0.E0,-1.E0));
#902=VECTOR('',#901,5.5E-1);
#903=CARTESIAN_POINT('',(-2.705E0,-4.15E0,-1.25E0));
#904=LINE('',#903,#902);
#905=DIRECTION('',(1.E0,0.E0,0.E0));
#906=VECTOR('',#905,5.5E-1);
#907=CARTESIAN_POINT('',(-3.255E0,-4.15E0,-1.25E0));
#908=LINE('',#907,#906);
#909=DIRECTION('',(0.E0,1.E0,0.E0));
#910=VECTOR('',#909,1.E-1);
#911=CARTESIAN_POINT('',(-5.55E-1,-4.25E0,-7.E-1));
#912=LINE('',#911,#910);
#913=DIRECTION('',(0.E0,1.E0,0.E0));
#914=VECTOR('',#913,1.E-1);
#915=CARTESIAN_POINT('',(-5.55E-1,-4.25E0,-1.25E0));
#916=LINE('',#915,#914);
#917=DIRECTION('',(0.E0,1.E0,0.E0));
#918=VECTOR('',#917,1.E-1);
#919=CARTESIAN_POINT('',(-1.105E0,-4.25E0,-1.25E0));
#920=LINE('',#919,#918);
#921=DIRECTION('',(0.E0,1.E0,0.E0));
#922=VECTOR('',#921,1.E-1);
#923=CARTESIAN_POINT('',(-1.105E0,-4.25E0,-1.8E0));
#924=LINE('',#923,#922);
#925=DIRECTION('',(0.E0,1.E0,0.E0));
#926=VECTOR('',#925,1.E-1);
#927=CARTESIAN_POINT('',(-5.E-1,-4.25E0,-1.8E0));
#928=LINE('',#927,#926);
#929=DIRECTION('',(0.E0,1.E0,0.E0));
#930=VECTOR('',#929,1.E-1);
#931=CARTESIAN_POINT('',(-5.E-1,-4.25E0,-5.9E0));
#932=LINE('',#931,#930);
#933=DIRECTION('',(0.E0,1.E0,0.E0));
#934=VECTOR('',#933,1.E-1);
#935=CARTESIAN_POINT('',(-3.255E0,-4.25E0,-5.9E0));
#936=LINE('',#935,#934);
#937=DIRECTION('',(0.E0,1.E0,0.E0));
#938=VECTOR('',#937,1.E-1);
#939=CARTESIAN_POINT('',(-3.255E0,-4.25E0,-1.8E0));
#940=LINE('',#939,#938);
#941=DIRECTION('',(0.E0,1.E0,0.E0));
#942=VECTOR('',#941,1.E-1);
#943=CARTESIAN_POINT('',(-2.705E0,-4.25E0,-1.8E0));
#944=LINE('',#943,#942);
#945=DIRECTION('',(0.E0,1.E0,0.E0));
#946=VECTOR('',#945,1.E-1);
#947=CARTESIAN_POINT('',(-2.705E0,-4.25E0,-1.25E0));
#948=LINE('',#947,#946);
#949=DIRECTION('',(0.E0,1.E0,0.E0));
#950=VECTOR('',#949,1.E-1);
#951=CARTESIAN_POINT('',(5.55E-1,-4.25E0,-7.E-1));
#952=LINE('',#951,#950);
#953=DIRECTION('',(0.E0,1.E0,0.E0));
#954=VECTOR('',#953,1.E-1);
#955=CARTESIAN_POINT('',(5.55E-1,-4.25E0,-1.25E0));
#956=LINE('',#955,#954);
#957=DIRECTION('',(0.E0,0.E0,-1.E0));
#958=VECTOR('',#957,5.5E-1);
#959=CARTESIAN_POINT('',(5.55E-1,-4.15E0,-7.E-1));
#960=LINE('',#959,#958);
#961=DIRECTION('',(-1.E0,0.E0,0.E0));
#962=VECTOR('',#961,2.7E0);
#963=CARTESIAN_POINT('',(3.255E0,-4.15E0,-7.E-1));
#964=LINE('',#963,#962);
#965=DIRECTION('',(0.E0,0.E0,1.E0));
#966=VECTOR('',#965,5.5E-1);
#967=CARTESIAN_POINT('',(3.255E0,-4.15E0,-1.25E0));
#968=LINE('',#967,#966);
#969=DIRECTION('',(1.E0,0.E0,0.E0));
#970=VECTOR('',#969,5.5E-1);
#971=CARTESIAN_POINT('',(2.705E0,-4.15E0,-1.25E0));
#972=LINE('',#971,#970);
#973=DIRECTION('',(0.E0,0.E0,1.E0));
#974=VECTOR('',#973,5.5E-1);
#975=CARTESIAN_POINT('',(2.705E0,-4.15E0,-1.8E0));
#976=LINE('',#975,#974);
#977=DIRECTION('',(-1.E0,0.E0,0.E0));
#978=VECTOR('',#977,6.05E-1);
#979=CARTESIAN_POINT('',(3.31E0,-4.15E0,-1.8E0));
#980=LINE('',#979,#978);
#981=DIRECTION('',(0.E0,0.E0,1.E0));
#982=VECTOR('',#981,4.1E0);
#983=CARTESIAN_POINT('',(3.31E0,-4.15E0,-5.9E0));
#984=LINE('',#983,#982);
#985=DIRECTION('',(1.E0,0.E0,0.E0));
#986=VECTOR('',#985,2.755E0);
#987=CARTESIAN_POINT('',(5.55E-1,-4.15E0,-5.9E0));
#988=LINE('',#987,#986);
#989=DIRECTION('',(0.E0,0.E0,-1.E0));
#990=VECTOR('',#989,4.1E0);
#991=CARTESIAN_POINT('',(5.55E-1,-4.15E0,-1.8E0));
#992=LINE('',#991,#990);
#993=DIRECTION('',(-1.E0,0.E0,0.E0));
#994=VECTOR('',#993,5.5E-1);
#995=CARTESIAN_POINT('',(1.105E0,-4.15E0,-1.8E0));
#996=LINE('',#995,#994);
#997=DIRECTION('',(0.E0,0.E0,-1.E0));
#998=VECTOR('',#997,5.5E-1);
#999=CARTESIAN_POINT('',(1.105E0,-4.15E0,-1.25E0));
#1000=LINE('',#999,#998);
#1001=DIRECTION('',(1.E0,0.E0,0.E0));
#1002=VECTOR('',#1001,5.5E-1);
#1003=CARTESIAN_POINT('',(5.55E-1,-4.15E0,-1.25E0));
#1004=LINE('',#1003,#1002);
#1005=DIRECTION('',(0.E0,1.E0,0.E0));
#1006=VECTOR('',#1005,1.E-1);
#1007=CARTESIAN_POINT('',(3.255E0,-4.25E0,-7.E-1));
#1008=LINE('',#1007,#1006);
#1009=DIRECTION('',(0.E0,1.E0,0.E0));
#1010=VECTOR('',#1009,1.E-1);
#1011=CARTESIAN_POINT('',(3.255E0,-4.25E0,-1.25E0));
#1012=LINE('',#1011,#1010);
#1013=DIRECTION('',(0.E0,1.E0,0.E0));
#1014=VECTOR('',#1013,1.E-1);
#1015=CARTESIAN_POINT('',(2.705E0,-4.25E0,-1.25E0));
#1016=LINE('',#1015,#1014);
#1017=DIRECTION('',(0.E0,1.E0,0.E0));
#1018=VECTOR('',#1017,1.E-1);
#1019=CARTESIAN_POINT('',(2.705E0,-4.25E0,-1.8E0));
#1020=LINE('',#1019,#1018);
#1021=DIRECTION('',(0.E0,1.E0,0.E0));
#1022=VECTOR('',#1021,1.E-1);
#1023=CARTESIAN_POINT('',(3.31E0,-4.25E0,-1.8E0));
#1024=LINE('',#1023,#1022);
#1025=DIRECTION('',(0.E0,1.E0,0.E0));
#1026=VECTOR('',#1025,1.E-1);
#1027=CARTESIAN_POINT('',(3.31E0,-4.25E0,-5.9E0));
#1028=LINE('',#1027,#1026);
#1029=DIRECTION('',(0.E0,1.E0,0.E0));
#1030=VECTOR('',#1029,1.E-1);
#1031=CARTESIAN_POINT('',(5.55E-1,-4.25E0,-5.9E0));
#1032=LINE('',#1031,#1030);
#1033=DIRECTION('',(0.E0,1.E0,0.E0));
#1034=VECTOR('',#1033,1.E-1);
#1035=CARTESIAN_POINT('',(5.55E-1,-4.25E0,-1.8E0));
#1036=LINE('',#1035,#1034);
#1037=DIRECTION('',(0.E0,1.E0,0.E0));
#1038=VECTOR('',#1037,1.E-1);
#1039=CARTESIAN_POINT('',(1.105E0,-4.25E0,-1.8E0));
#1040=LINE('',#1039,#1038);
#1041=DIRECTION('',(0.E0,1.E0,0.E0));
#1042=VECTOR('',#1041,1.E-1);
#1043=CARTESIAN_POINT('',(1.105E0,-4.25E0,-1.25E0));
#1044=LINE('',#1043,#1042);
#1045=DIRECTION('',(0.E0,-1.E0,0.E0));
#1046=VECTOR('',#1045,6.95E0);
#1047=CARTESIAN_POINT('',(3.355E0,4.25E0,-2.5E-1));
#1048=LINE('',#1047,#1046);
#1049=DIRECTION('',(0.E0,-1.E0,0.E0));
#1050=VECTOR('',#1049,6.95E0);
#1051=CARTESIAN_POINT('',(2.405E0,4.25E0,-2.5E-1));
#1052=LINE('',#1051,#1050);
#1053=CARTESIAN_POINT('',(-2.205E0,2.5E-1,-7.3E0));
#1054=DIRECTION('',(0.E0,-1.E0,0.E0));
#1055=DIRECTION('',(-9.493678452294E-1,0.E0,3.141666666667E-1));
#1056=AXIS2_PLACEMENT_3D('',#1053,#1054,#1055);
#1058=DIRECTION('',(1.E0,0.E0,0.E0));
#1059=VECTOR('',#1058,2.974226618245E0);
#1060=CARTESIAN_POINT('',(-3.344241414275E0,2.5E-1,-6.923E0));
#1061=LINE('',#1060,#1059);
#1062=CARTESIAN_POINT('',(-1.35E0,2.5E-1,-7.3E0));
#1063=DIRECTION('',(0.E0,-1.E0,0.E0));
#1064=DIRECTION('',(1.E0,0.E0,0.E0));
#1065=AXIS2_PLACEMENT_3D('',#1062,#1063,#1064);
#1067=CARTESIAN_POINT('',(-7.34E-1,-8.290676531154E-1,-6.3E0));
#1068=CARTESIAN_POINT('',(-6.956761590502E-1,-6.392122539033E-1,
-6.409613065842E0));
#1069=CARTESIAN_POINT('',(-6.382666849709E-1,-4.542535858672E-1,
-6.516399002622E0));
#1070=CARTESIAN_POINT('',(-5.509921647118E-1,-2.769572836384E-1,
-6.618761070440E0));
#1072=CARTESIAN_POINT('',(-3.700147960301E-1,2.5E-1,-6.923E0));
#1073=CARTESIAN_POINT('',(-4.102112225078E-1,6.902180968074E-2,
-6.818512193102E0));
#1074=CARTESIAN_POINT('',(-4.675389303131E-1,-1.074238410711E-1,
-6.716641249143E0));
#1075=CARTESIAN_POINT('',(-5.509921647118E-1,-2.769572836384E-1,
-6.618761070440E0));
#1077=CARTESIAN_POINT('',(-2.952368807181E0,-7.231532476227E-1,
-6.361149710522E0));
#1078=CARTESIAN_POINT('',(-3.059938778019E0,-5.748364630822E-1,
-6.446780446002E0));
#1079=CARTESIAN_POINT('',(-3.218085658223E0,-2.594891522761E-1,
-6.628846300784E0));
#1080=CARTESIAN_POINT('',(-3.311227139808E0,7.720276099714E-2,
-6.823235467546E0));
#1081=CARTESIAN_POINT('',(-3.344241414275E0,2.5E-1,-6.923E0));
#1083=CARTESIAN_POINT('',(-2.952368807181E0,-7.231532476227E-1,
-6.361149710522E0));
#1084=CARTESIAN_POINT('',(-2.927814004904E0,-7.570092512117E-1,
-6.341602937736E0));
#1085=CARTESIAN_POINT('',(-2.906742488496E0,-7.924641985817E-1,
-6.321133014328E0));
#1086=CARTESIAN_POINT('',(-2.888172985492E0,-8.290676531154E-1,-6.3E0));
#1088=CARTESIAN_POINT('',(8.576311928187E-1,-7.231532476227E-1,
-6.361149710522E0));
#1089=CARTESIAN_POINT('',(7.500612219811E-1,-5.748364630822E-1,
-6.446780446002E0));
#1090=CARTESIAN_POINT('',(5.919143417770E-1,-2.594891522761E-1,
-6.628846300784E0));
#1091=CARTESIAN_POINT('',(4.987728601916E-1,7.720276099715E-2,
-6.823235467546E0));
#1092=CARTESIAN_POINT('',(4.657585857247E-1,2.5E-1,-6.923E0));
#1094=CARTESIAN_POINT('',(8.576311928187E-1,-7.231532476227E-1,
-6.361149710522E0));
#1095=CARTESIAN_POINT('',(8.821859950957E-1,-7.570092512117E-1,
-6.341602937736E0));
#1096=CARTESIAN_POINT('',(9.032575115042E-1,-7.924641985817E-1,
-6.321133014328E0));
#1097=CARTESIAN_POINT('',(9.218270145082E-1,-8.290676531154E-1,-6.3E0));
#1099=CARTESIAN_POINT('',(3.076E0,-8.290676531154E-1,-6.3E0));
#1100=CARTESIAN_POINT('',(3.114323840950E0,-6.392122539032E-1,
-6.409613065842E0));
#1101=CARTESIAN_POINT('',(3.171733315029E0,-4.542535858671E-1,
-6.516399002622E0));
#1102=CARTESIAN_POINT('',(3.259007835288E0,-2.769572836382E-1,
-6.618761070440E0));
#1104=CARTESIAN_POINT('',(3.439985203970E0,2.5E-1,-6.923E0));
#1105=CARTESIAN_POINT('',(3.399788777492E0,6.902180968081E-2,
-6.818512193102E0));
#1106=CARTESIAN_POINT('',(3.342461069687E0,-1.074238410710E-1,
-6.716641249143E0));
#1107=CARTESIAN_POINT('',(3.259007835288E0,-2.769572836382E-1,
-6.618761070440E0));
#1109=CARTESIAN_POINT('',(-2.888172947768E0,-2.527432308879E0,
-6.300000017941E0));
#1110=CARTESIAN_POINT('',(-2.893931924038E0,-2.547864973460E0,
-6.306553864784E0));
#1111=CARTESIAN_POINT('',(-2.906208424868E0,-2.589286082221E0,
-6.319837794381E0));
#1112=CARTESIAN_POINT('',(-2.927348992071E0,-2.652994496772E0,
-6.340274822646E0));
#1113=CARTESIAN_POINT('',(-2.943583657992E0,-2.696281054947E0,
-6.354156382614E0));
#1114=CARTESIAN_POINT('',(-2.952368941075E0,-2.718078062431E0,
-6.361149542040E0));
#1116=DIRECTION('',(6.711726826505E-8,1.E0,-8.445546227915E-8));
#1117=VECTOR('',#1116,1.994924814809E0);
#1118=CARTESIAN_POINT('',(-2.952368941075E0,-2.718078062431E0,
-6.361149542040E0));
#1119=LINE('',#1118,#1117);
#1120=CARTESIAN_POINT('',(3.093485279174E0,-3.75E0,-6.808E0));
#1121=CARTESIAN_POINT('',(3.120479460049E0,-3.75E0,-6.807999928631E0));
#1122=CARTESIAN_POINT('',(3.174643325306E0,-3.75E0,-6.813996050156E0));
#1123=CARTESIAN_POINT('',(3.259570794318E0,-3.75E0,-6.844046728014E0));
#1124=CARTESIAN_POINT('',(3.338761280219E0,-3.75E0,-6.895488193950E0));
#1125=CARTESIAN_POINT('',(3.405086686431E0,-3.749999999999E0,
-6.962692866994E0));
#1126=CARTESIAN_POINT('',(3.459762727084E0,-3.750000000003E0,
-7.047512540402E0));
#1127=CARTESIAN_POINT('',(3.496870101911E0,-3.749999999990E0,
-7.147064875506E0));
#1128=CARTESIAN_POINT('',(3.507223515170E0,-3.750000000021E0,
-7.215774833963E0));
#1129=CARTESIAN_POINT('',(3.508872478679E0,-3.750000000021E0,
-7.251343992065E0));
#1131=DIRECTION('',(-1.E0,-6.859946743175E-14,1.182868009851E-13));
#1132=VECTOR('',#1131,2.582987905941E0);
#1133=CARTESIAN_POINT('',(3.093485279174E0,-3.75E0,-6.808E0));
#1134=LINE('',#1133,#1132);
#1135=CARTESIAN_POINT('',(1.605E0,-3.75E0,-7.3E0));
#1136=DIRECTION('',(0.E0,-1.E0,0.E0));
#1137=DIRECTION('',(-9.120855223059E-1,0.E0,4.1E-1));
#1138=AXIS2_PLACEMENT_3D('',#1135,#1136,#1137);
#1140=CARTESIAN_POINT('',(2.46E0,-3.75E0,-7.3E0));
#1141=DIRECTION('',(0.E0,-1.E0,0.E0));
#1142=DIRECTION('',(1.E0,0.E0,0.E0));
#1143=AXIS2_PLACEMENT_3D('',#1140,#1141,#1142);
#1145=CARTESIAN_POINT('',(3.508872478679E0,-3.750000000021E0,
-7.251343992065E0));
#1146=CARTESIAN_POINT('',(3.506018861290E0,-3.683975190308E0,
-7.189773148876E0));
#1147=CARTESIAN_POINT('',(3.489663668893E0,-3.555347496047E0,
-7.069819251486E0));
#1148=CARTESIAN_POINT('',(3.436287598058E0,-3.373850191710E0,
-6.900537613273E0));
#1149=CARTESIAN_POINT('',(3.358122027885E0,-3.209798512544E0,
-6.747514262812E0));
#1150=CARTESIAN_POINT('',(3.293661642776E0,-3.115304246231E0,
-6.659397214698E0));
#1151=CARTESIAN_POINT('',(3.259008316284E0,-3.071729678311E0,
-6.618760660159E0));
#1153=DIRECTION('',(-1.721054864173E-7,1.E0,-1.468028843237E-7));
#1154=VECTOR('',#1153,2.794772394673E0);
#1155=CARTESIAN_POINT('',(3.259008316284E0,-3.071729678311E0,
-6.618760660159E0));
#1156=LINE('',#1155,#1154);
#1157=CARTESIAN_POINT('',(1.605E0,2.5E-1,-7.3E0));
#1158=DIRECTION('',(0.E0,-1.E0,0.E0));
#1159=DIRECTION('',(-9.493678452294E-1,0.E0,3.141666666667E-1));
#1160=AXIS2_PLACEMENT_3D('',#1157,#1158,#1159);
#1162=DIRECTION('',(1.E0,0.E0,0.E0));
#1163=VECTOR('',#1162,2.974226618245E0);
#1164=CARTESIAN_POINT('',(4.657585857247E-1,2.5E-1,-6.923E0));
#1165=LINE('',#1164,#1163);
#1166=CARTESIAN_POINT('',(2.46E0,2.5E-1,-7.3E0));
#1167=DIRECTION('',(0.E0,-1.E0,0.E0));
#1168=DIRECTION('',(1.E0,0.E0,0.E0));
#1169=AXIS2_PLACEMENT_3D('',#1166,#1167,#1168);
#1171=CARTESIAN_POINT('',(3.259008316284E0,-3.071729678311E0,
-6.618760660159E0));
#1172=CARTESIAN_POINT('',(3.244238162193E0,-3.029724340253E0,
-6.601437345538E0));
#1173=CARTESIAN_POINT('',(3.217154611686E0,-2.946920058698E0,
-6.567291184129E0));
#1174=CARTESIAN_POINT('',(3.182675621116E0,-2.826774734473E0,
-6.517743343134E0));
#1175=CARTESIAN_POINT('',(3.153441163241E0,-2.711150499191E0,
-6.470060757120E0));
#1176=CARTESIAN_POINT('',(3.128688949509E0,-2.600285211659E0,
-6.424340489728E0));
#1177=CARTESIAN_POINT('',(3.107797379272E0,-2.494365357017E0,
-6.380659958756E0));
#1178=CARTESIAN_POINT('',(3.090242877218E0,-2.393526366980E0,
-6.339074637782E0));
#1179=CARTESIAN_POINT('',(3.080469336470E0,-2.329772497896E0,
-6.312783140826E0));
#1180=CARTESIAN_POINT('',(3.075999990023E0,-2.298775169963E0,
-6.300000002465E0));
#1182=CARTESIAN_POINT('',(2.954623218056E0,-3.071730009061E0,
-6.878280853500E0));
#1183=DIRECTION('',(-3.921543737933E-1,7.966562686229E-1,4.599497111410E-1));
#1184=DIRECTION('',(1.782755678074E-6,-4.999993418274E-1,8.660257837784E-1));
#1185=AXIS2_PLACEMENT_3D('',#1182,#1183,#1184);
#1187=CARTESIAN_POINT('',(3.075999990023E0,-2.298775169963E0,
-6.300000002465E0));
#1188=CARTESIAN_POINT('',(3.075999987673E0,-2.329591523714E0,
-6.300000002465E0));
#1189=CARTESIAN_POINT('',(3.074431780476E0,-2.390250768474E0,
-6.299999998856E0));
#1190=CARTESIAN_POINT('',(3.066805944763E0,-2.479330749081E0,
-6.300000000306E0));
#1191=CARTESIAN_POINT('',(3.053411255687E0,-2.563469102182E0,
-6.299999999921E0));
#1192=CARTESIAN_POINT('',(3.033929380176E0,-2.640632598031E0,
-6.300000000009E0));
#1193=CARTESIAN_POINT('',(3.008234377102E0,-2.708614150306E0,
-6.300000000042E0));
#1194=CARTESIAN_POINT('',(2.976894130504E0,-2.765506663233E0,
-6.299999999824E0));
#1195=CARTESIAN_POINT('',(2.938766189641E0,-2.811947433942E0,
-6.300000000662E0));
#1196=CARTESIAN_POINT('',(2.896021507430E0,-2.844987801335E0,
-6.299999997527E0));
#1197=CARTESIAN_POINT('',(2.847273163185E0,-2.865607781944E0,
-6.300000009231E0));
#1198=CARTESIAN_POINT('',(2.812401195383E0,-2.870118190060E0,
-6.299999980110E0));
#1199=CARTESIAN_POINT('',(2.794235973091E0,-2.870118228033E0,
-6.299999980110E0));
#1201=DIRECTION('',(-6.788406250141E-9,-1.E0,-1.677534859963E-9));
#1202=VECTOR('',#1201,1.469707516848E0);
#1203=CARTESIAN_POINT('',(3.076E0,-8.290676531154E-1,-6.3E0));
#1204=LINE('',#1203,#1202);
#1205=DIRECTION('',(-1.E0,0.E0,0.E0));
#1206=VECTOR('',#1205,2.154172985492E0);
#1207=CARTESIAN_POINT('',(3.076E0,-8.290676531154E-1,-6.3E0));
#1208=LINE('',#1207,#1206);
#1209=DIRECTION('',(0.E0,-1.E0,0.E0));
#1210=VECTOR('',#1209,2.041050536640E0);
#1211=CARTESIAN_POINT('',(9.218270145082E-1,-8.290676531154E-1,-6.3E0));
#1212=LINE('',#1211,#1210);
#1213=DIRECTION('',(-1.E0,2.044313864905E-8,-1.062253461444E-8));
#1214=VECTOR('',#1213,1.872408958582E0);
#1215=CARTESIAN_POINT('',(2.794235973091E0,-2.870118228033E0,
-6.299999980110E0));
#1216=LINE('',#1215,#1214);
#1217=DIRECTION('',(0.E0,1.E0,0.E0));
#1218=VECTOR('',#1217,2.252879347625E0);
#1219=CARTESIAN_POINT('',(8.576311928187E-1,-2.976032595248E0,
-6.361149710522E0));
#1220=LINE('',#1219,#1218);
#1221=CARTESIAN_POINT('',(-3.81E0,4.25E0,0.E0));
#1222=CARTESIAN_POINT('',(-3.81E0,-4.25E0,0.E0));
#1223=VERTEX_POINT('',#1221);
#1224=VERTEX_POINT('',#1222);
#1225=CARTESIAN_POINT('',(-3.81E0,-4.25E0,-7.3E0));
#1226=VERTEX_POINT('',#1225);
#1227=CARTESIAN_POINT('',(-3.81E0,7.5E-1,-7.3E0));
#1228=VERTEX_POINT('',#1227);
#1229=CARTESIAN_POINT('',(-3.81E0,7.5E-1,-6.8E0));
#1230=VERTEX_POINT('',#1229);
#1231=CARTESIAN_POINT('',(-3.81E0,4.25E0,-6.8E0));
#1232=VERTEX_POINT('',#1231);
#1233=CARTESIAN_POINT('',(3.81E0,4.25E0,0.E0));
#1234=CARTESIAN_POINT('',(3.81E0,-4.25E0,0.E0));
#1235=VERTEX_POINT('',#1233);
#1236=VERTEX_POINT('',#1234);
#1237=CARTESIAN_POINT('',(3.81E0,-4.25E0,-7.3E0));
#1238=VERTEX_POINT('',#1237);
#1239=CARTESIAN_POINT('',(3.81E0,7.5E-1,-7.3E0));
#1240=VERTEX_POINT('',#1239);
#1241=CARTESIAN_POINT('',(3.81E0,7.5E-1,-6.8E0));
#1242=VERTEX_POINT('',#1241);
#1243=CARTESIAN_POINT('',(3.81E0,4.25E0,-6.8E0));
#1244=VERTEX_POINT('',#1243);
#1245=CARTESIAN_POINT('',(-4.55E-1,4.25E0,-3.85E0));
#1246=CARTESIAN_POINT('',(-3.355E0,4.25E0,-3.85E0));
#1247=VERTEX_POINT('',#1245);
#1248=VERTEX_POINT('',#1246);
#1249=CARTESIAN_POINT('',(-4.55E-1,3.497E0,-3.85E0));
#1250=VERTEX_POINT('',#1249);
#1251=CARTESIAN_POINT('',(-3.355E0,3.497E0,-3.85E0));
#1252=VERTEX_POINT('',#1251);
#1253=CARTESIAN_POINT('',(3.355E0,4.25E0,-3.85E0));
#1254=CARTESIAN_POINT('',(4.55E-1,4.25E0,-3.85E0));
#1255=VERTEX_POINT('',#1253);
#1256=VERTEX_POINT('',#1254);
#1257=CARTESIAN_POINT('',(3.355E0,3.497E0,-3.85E0));
#1258=VERTEX_POINT('',#1257);
#1259=CARTESIAN_POINT('',(4.55E-1,3.497E0,-3.85E0));
#1260=VERTEX_POINT('',#1259);
#1261=CARTESIAN_POINT('',(-2.205E0,2.897E0,-5.268626095911E0));
#1262=CARTESIAN_POINT('',(-2.205E0,2.897E0,-2.431373904089E0));
#1263=VERTEX_POINT('',#1261);
#1264=VERTEX_POINT('',#1262);
#1265=CARTESIAN_POINT('',(-1.605E0,2.897E0,-2.431373904089E0));
#1266=VERTEX_POINT('',#1265);
#1267=CARTESIAN_POINT('',(-1.605E0,2.897E0,-5.268626095911E0));
#1268=VERTEX_POINT('',#1267);
#1269=CARTESIAN_POINT('',(-2.205E0,3.497E0,-5.268626095911E0));
#1270=CARTESIAN_POINT('',(-2.205E0,3.497E0,-2.431373904089E0));
#1271=VERTEX_POINT('',#1269);
#1272=VERTEX_POINT('',#1270);
#1273=CARTESIAN_POINT('',(-1.605E0,3.497E0,-2.431373904089E0));
#1274=CARTESIAN_POINT('',(-1.605E0,3.497E0,-5.268626095911E0));
#1275=VERTEX_POINT('',#1273);
#1276=VERTEX_POINT('',#1274);
#1277=CARTESIAN_POINT('',(1.605E0,2.897E0,-5.268626095911E0));
#1278=CARTESIAN_POINT('',(1.605E0,2.897E0,-2.431373904089E0));
#1279=VERTEX_POINT('',#1277);
#1280=VERTEX_POINT('',#1278);
#1281=CARTESIAN_POINT('',(2.205E0,2.897E0,-2.431373904089E0));
#1282=VERTEX_POINT('',#1281);
#1283=CARTESIAN_POINT('',(2.205E0,2.897E0,-5.268626095911E0));
#1284=VERTEX_POINT('',#1283);
#1285=CARTESIAN_POINT('',(1.605E0,3.497E0,-5.268626095911E0));
#1286=CARTESIAN_POINT('',(1.605E0,3.497E0,-2.431373904089E0));
#1287=VERTEX_POINT('',#1285);
#1288=VERTEX_POINT('',#1286);
#1289=CARTESIAN_POINT('',(2.205E0,3.497E0,-2.431373904089E0));
#1290=CARTESIAN_POINT('',(2.205E0,3.497E0,-5.268626095911E0));
#1291=VERTEX_POINT('',#1289);
#1292=VERTEX_POINT('',#1290);
#1293=CARTESIAN_POINT('',(-2.705E0,-4.15E0,-1.25E0));
#1294=CARTESIAN_POINT('',(-2.705E0,-4.15E0,-1.8E0));
#1295=VERTEX_POINT('',#1293);
#1296=VERTEX_POINT('',#1294);
#1297=CARTESIAN_POINT('',(-5.E-1,-4.15E0,-1.8E0));
#1298=CARTESIAN_POINT('',(-1.105E0,-4.15E0,-1.8E0));
#1299=VERTEX_POINT('',#1297);
#1300=VERTEX_POINT('',#1298);
#1301=CARTESIAN_POINT('',(-1.105E0,-4.15E0,-1.25E0));
#1302=VERTEX_POINT('',#1301);
#1303=CARTESIAN_POINT('',(-5.55E-1,-4.15E0,-7.E-1));
#1304=CARTESIAN_POINT('',(-3.255E0,-4.15E0,-7.E-1));
#1305=VERTEX_POINT('',#1303);
#1306=VERTEX_POINT('',#1304);
#1307=CARTESIAN_POINT('',(-1.105E0,-4.25E0,-1.8E0));
#1308=VERTEX_POINT('',#1307);
#1309=CARTESIAN_POINT('',(1.105E0,-4.15E0,-1.25E0));
#1310=CARTESIAN_POINT('',(1.105E0,-4.15E0,-1.8E0));
#1311=VERTEX_POINT('',#1309);
#1312=VERTEX_POINT('',#1310);
#1313=CARTESIAN_POINT('',(3.31E0,-4.15E0,-1.8E0));
#1314=CARTESIAN_POINT('',(2.705E0,-4.15E0,-1.8E0));
#1315=VERTEX_POINT('',#1313);
#1316=VERTEX_POINT('',#1314);
#1317=CARTESIAN_POINT('',(2.705E0,-4.15E0,-1.25E0));
#1318=VERTEX_POINT('',#1317);
#1319=CARTESIAN_POINT('',(3.255E0,-4.15E0,-7.E-1));
#1320=CARTESIAN_POINT('',(5.55E-1,-4.15E0,-7.E-1));
#1321=VERTEX_POINT('',#1319);
#1322=VERTEX_POINT('',#1320);
#1323=CARTESIAN_POINT('',(2.705E0,-4.25E0,-1.8E0));
#1324=VERTEX_POINT('',#1323);
#1325=CARTESIAN_POINT('',(-3.255E0,-4.15E0,-1.25E0));
#1326=VERTEX_POINT('',#1325);
#1327=CARTESIAN_POINT('',(-3.255E0,-4.25E0,-1.25E0));
#1328=VERTEX_POINT('',#1327);
#1329=CARTESIAN_POINT('',(-2.705E0,-4.25E0,-1.25E0));
#1330=VERTEX_POINT('',#1329);
#1331=CARTESIAN_POINT('',(5.55E-1,-4.15E0,-1.25E0));
#1332=VERTEX_POINT('',#1331);
#1333=CARTESIAN_POINT('',(5.55E-1,-4.25E0,-1.25E0));
#1334=VERTEX_POINT('',#1333);
#1335=CARTESIAN_POINT('',(1.105E0,-4.25E0,-1.25E0));
#1336=VERTEX_POINT('',#1335);
#1337=CARTESIAN_POINT('',(-5.55E-1,-4.15E0,-1.25E0));
#1338=VERTEX_POINT('',#1337);
#1339=CARTESIAN_POINT('',(-1.105E0,-4.25E0,-1.25E0));
#1340=VERTEX_POINT('',#1339);
#1341=CARTESIAN_POINT('',(-5.55E-1,-4.25E0,-1.25E0));
#1342=VERTEX_POINT('',#1341);
#1343=CARTESIAN_POINT('',(3.255E0,-4.15E0,-1.25E0));
#1344=VERTEX_POINT('',#1343);
#1345=CARTESIAN_POINT('',(2.705E0,-4.25E0,-1.25E0));
#1346=VERTEX_POINT('',#1345);
#1347=CARTESIAN_POINT('',(3.255E0,-4.25E0,-1.25E0));
#1348=VERTEX_POINT('',#1347);
#1349=CARTESIAN_POINT('',(-7.34E-1,-8.290676531154E-1,-6.3E0));
#1350=CARTESIAN_POINT('',(-2.888172985492E0,-8.290676531154E-1,-6.3E0));
#1351=VERTEX_POINT('',#1349);
#1352=VERTEX_POINT('',#1350);
#1353=CARTESIAN_POINT('',(-3.E-1,-3.75E0,-7.3E0));
#1354=CARTESIAN_POINT('',(-3.405E0,-3.75E0,-7.3E0));
#1355=VERTEX_POINT('',#1353);
#1356=VERTEX_POINT('',#1354);
#1357=CARTESIAN_POINT('',(-3.405E0,2.5E-1,-7.3E0));
#1358=CARTESIAN_POINT('',(-3.E-1,2.5E-1,-7.3E0));
#1359=VERTEX_POINT('',#1357);
#1360=VERTEX_POINT('',#1358);
#1361=CARTESIAN_POINT('',(-3.344241414275E0,2.5E-1,-6.923E0));
#1362=CARTESIAN_POINT('',(-3.700147960301E-1,2.5E-1,-6.923E0));
#1363=VERTEX_POINT('',#1361);
#1364=VERTEX_POINT('',#1362);
#1365=CARTESIAN_POINT('',(-7.34E-1,-2.870118189755E0,-6.3E0));
#1366=CARTESIAN_POINT('',(-2.670122208360E0,-2.870118841983E0,
-6.299999661159E0));
#1367=VERTEX_POINT('',#1365);
#1368=VERTEX_POINT('',#1366);
#1369=CARTESIAN_POINT('',(-4.224031047917E-1,-3.75E0,-6.808E0));
#1370=CARTESIAN_POINT('',(-2.991640705106E0,-3.75E0,-6.808E0));
#1371=VERTEX_POINT('',#1369);
#1372=VERTEX_POINT('',#1370);
#1373=VERTEX_POINT('',#1077);
#1374=VERTEX_POINT('',#1070);
#1375=VERTEX_POINT('',#199);
#1376=VERTEX_POINT('',#154);
#1377=VERTEX_POINT('',#181);
#1378=VERTEX_POINT('',#134);
#1379=CARTESIAN_POINT('',(4.05E-1,2.5E-1,-7.3E0));
#1380=CARTESIAN_POINT('',(4.05E-1,-3.75E0,-7.3E0));
#1381=VERTEX_POINT('',#1379);
#1382=VERTEX_POINT('',#1380);
#1383=CARTESIAN_POINT('',(3.51E0,2.5E-1,-7.3E0));
#1384=CARTESIAN_POINT('',(3.51E0,-3.75E0,-7.3E0));
#1385=VERTEX_POINT('',#1383);
#1386=VERTEX_POINT('',#1384);
#1387=CARTESIAN_POINT('',(5.104973732329E-1,-3.75E0,-6.808E0));
#1388=VERTEX_POINT('',#1387);
#1389=CARTESIAN_POINT('',(4.657585857247E-1,2.5E-1,-6.923E0));
#1390=VERTEX_POINT('',#1389);
#1391=CARTESIAN_POINT('',(3.439985203970E0,2.5E-1,-6.923E0));
#1392=VERTEX_POINT('',#1391);
#1393=VERTEX_POINT('',#1088);
#1394=VERTEX_POINT('',#1099);
#1395=VERTEX_POINT('',#1102);
#1396=VERTEX_POINT('',#214);
#1397=CARTESIAN_POINT('',(9.218270145082E-1,-8.290676531154E-1,-6.3E0));
#1398=VERTEX_POINT('',#1397);
#1399=CARTESIAN_POINT('',(9.218270145082E-1,-2.870118189755E0,-6.3E0));
#1400=VERTEX_POINT('',#1399);
#1401=VERTEX_POINT('',#255);
#1402=VERTEX_POINT('',#1187);
#1403=VERTEX_POINT('',#1199);
#1404=VERTEX_POINT('',#201);
#1405=VERTEX_POINT('',#1171);
#1406=VERTEX_POINT('',#1120);
#1407=VERTEX_POINT('',#1129);
#1408=CARTESIAN_POINT('',(-3.255E0,-4.15E0,-1.8E0));
#1409=VERTEX_POINT('',#1408);
#1410=CARTESIAN_POINT('',(-3.255E0,-4.15E0,-5.9E0));
#1411=VERTEX_POINT('',#1410);
#1412=CARTESIAN_POINT('',(-5.E-1,-4.15E0,-5.9E0));
#1413=VERTEX_POINT('',#1412);
#1414=CARTESIAN_POINT('',(-3.255E0,-4.25E0,-7.E-1));
#1415=VERTEX_POINT('',#1414);
#1416=CARTESIAN_POINT('',(-2.705E0,-4.25E0,-1.8E0));
#1417=VERTEX_POINT('',#1416);
#1418=CARTESIAN_POINT('',(-3.255E0,-4.25E0,-1.8E0));
#1419=VERTEX_POINT('',#1418);
#1420=CARTESIAN_POINT('',(-3.255E0,-4.25E0,-5.9E0));
#1421=VERTEX_POINT('',#1420);
#1422=CARTESIAN_POINT('',(-5.E-1,-4.25E0,-5.9E0));
#1423=VERTEX_POINT('',#1422);
#1424=CARTESIAN_POINT('',(-5.E-1,-4.25E0,-1.8E0));
#1425=VERTEX_POINT('',#1424);
#1426=CARTESIAN_POINT('',(-5.55E-1,-4.25E0,-7.E-1));
#1427=VERTEX_POINT('',#1426);
#1428=CARTESIAN_POINT('',(5.55E-1,-4.15E0,-1.8E0));
#1429=VERTEX_POINT('',#1428);
#1430=CARTESIAN_POINT('',(5.55E-1,-4.15E0,-5.9E0));
#1431=VERTEX_POINT('',#1430);
#1432=CARTESIAN_POINT('',(3.31E0,-4.15E0,-5.9E0));
#1433=VERTEX_POINT('',#1432);
#1434=CARTESIAN_POINT('',(5.55E-1,-4.25E0,-7.E-1));
#1435=VERTEX_POINT('',#1434);
#1436=CARTESIAN_POINT('',(1.105E0,-4.25E0,-1.8E0));
#1437=VERTEX_POINT('',#1436);
#1438=CARTESIAN_POINT('',(5.55E-1,-4.25E0,-1.8E0));
#1439=VERTEX_POINT('',#1438);
#1440=CARTESIAN_POINT('',(5.55E-1,-4.25E0,-5.9E0));
#1441=VERTEX_POINT('',#1440);
#1442=CARTESIAN_POINT('',(3.31E0,-4.25E0,-5.9E0));
#1443=VERTEX_POINT('',#1442);
#1444=CARTESIAN_POINT('',(3.31E0,-4.25E0,-1.8E0));
#1445=VERTEX_POINT('',#1444);
#1446=CARTESIAN_POINT('',(3.255E0,-4.25E0,-7.E-1));
#1447=VERTEX_POINT('',#1446);
#1448=CARTESIAN_POINT('',(-4.55E-1,-2.7E0,-2.5E-1));
#1449=CARTESIAN_POINT('',(-1.405E0,-2.7E0,-2.5E-1));
#1450=VERTEX_POINT('',#1448);
#1451=VERTEX_POINT('',#1449);
#1452=CARTESIAN_POINT('',(-1.405E0,-2.7E0,-1.068E0));
#1453=VERTEX_POINT('',#1452);
#1454=CARTESIAN_POINT('',(-2.405E0,-2.7E0,0.E0));
#1455=CARTESIAN_POINT('',(-4.55E-1,-2.7E0,0.E0));
#1456=VERTEX_POINT('',#1454);
#1457=VERTEX_POINT('',#1455);
#1458=CARTESIAN_POINT('',(-2.405E0,4.25E0,0.E0));
#1459=VERTEX_POINT('',#1458);
#1460=CARTESIAN_POINT('',(-4.55E-1,4.25E0,0.E0));
#1461=VERTEX_POINT('',#1460);
#1462=CARTESIAN_POINT('',(-2.405E0,4.25E0,-1.068E0));
#1463=VERTEX_POINT('',#1462);
#1464=CARTESIAN_POINT('',(-4.55E-1,4.25E0,-2.5E-1));
#1465=VERTEX_POINT('',#1464);
#1466=CARTESIAN_POINT('',(-1.405E0,4.25E0,-2.5E-1));
#1467=VERTEX_POINT('',#1466);
#1468=CARTESIAN_POINT('',(-1.405E0,4.25E0,-1.068E0));
#1469=VERTEX_POINT('',#1468);
#1470=CARTESIAN_POINT('',(-2.405E0,-2.7E0,-1.068E0));
#1471=VERTEX_POINT('',#1470);
#1472=CARTESIAN_POINT('',(-1.628E0,-2.7E0,-8.18E-1));
#1473=CARTESIAN_POINT('',(-1.628E0,-2.7E0,-1.068E0));
#1474=VERTEX_POINT('',#1472);
#1475=VERTEX_POINT('',#1473);
#1476=CARTESIAN_POINT('',(-2.182E0,-2.7E0,-8.18E-1));
#1477=CARTESIAN_POINT('',(-2.182E0,-2.7E0,-1.068E0));
#1478=VERTEX_POINT('',#1476);
#1479=VERTEX_POINT('',#1477);
#1480=CARTESIAN_POINT('',(-1.628E0,-2.542E0,-8.18E-1));
#1481=VERTEX_POINT('',#1480);
#1482=CARTESIAN_POINT('',(-2.182E0,-2.542E0,-8.18E-1));
#1483=VERTEX_POINT('',#1482);
#1484=CARTESIAN_POINT('',(-1.628E0,-1.862E0,-1.068E0));
#1485=VERTEX_POINT('',#1484);
#1486=CARTESIAN_POINT('',(-2.182E0,-1.862E0,-1.068E0));
#1487=VERTEX_POINT('',#1486);
#1488=CARTESIAN_POINT('',(3.355E0,-2.7E0,-2.5E-1));
#1489=CARTESIAN_POINT('',(2.405E0,-2.7E0,-2.5E-1));
#1490=VERTEX_POINT('',#1488);
#1491=VERTEX_POINT('',#1489);
#1492=CARTESIAN_POINT('',(2.405E0,-2.7E0,-1.068E0));
#1493=VERTEX_POINT('',#1492);
#1494=CARTESIAN_POINT('',(1.405E0,-2.7E0,-1.068E0));
#1495=CARTESIAN_POINT('',(1.405E0,-2.7E0,0.E0));
#1496=VERTEX_POINT('',#1494);
#1497=VERTEX_POINT('',#1495);
#1498=CARTESIAN_POINT('',(3.355E0,-2.7E0,0.E0));
#1499=VERTEX_POINT('',#1498);
#1500=CARTESIAN_POINT('',(1.405E0,4.25E0,-1.068E0));
#1501=VERTEX_POINT('',#1500);
#1502=CARTESIAN_POINT('',(3.355E0,4.25E0,-2.5E-1));
#1503=VERTEX_POINT('',#1502);
#1504=CARTESIAN_POINT('',(2.405E0,4.25E0,-2.5E-1));
#1505=VERTEX_POINT('',#1504);
#1506=CARTESIAN_POINT('',(2.405E0,4.25E0,-1.068E0));
#1507=VERTEX_POINT('',#1506);
#1508=CARTESIAN_POINT('',(1.405E0,4.25E0,0.E0));
#1509=VERTEX_POINT('',#1508);
#1510=CARTESIAN_POINT('',(3.355E0,4.25E0,0.E0));
#1511=VERTEX_POINT('',#1510);
#1512=CARTESIAN_POINT('',(2.182E0,-2.7E0,-1.068E0));
#1513=CARTESIAN_POINT('',(2.182E0,-2.7E0,-8.18E-1));
#1514=VERTEX_POINT('',#1512);
#1515=VERTEX_POINT('',#1513);
#1516=CARTESIAN_POINT('',(1.628E0,-2.7E0,-1.068E0));
#1517=CARTESIAN_POINT('',(1.628E0,-2.7E0,-8.18E-1));
#1518=VERTEX_POINT('',#1516);
#1519=VERTEX_POINT('',#1517);
#1520=CARTESIAN_POINT('',(2.182E0,-1.862E0,-1.068E0));
#1521=CARTESIAN_POINT('',(2.182E0,-2.542E0,-8.18E-1));
#1522=VERTEX_POINT('',#1520);
#1523=VERTEX_POINT('',#1521);
#1524=CARTESIAN_POINT('',(1.628E0,-2.542E0,-8.18E-1));
#1525=VERTEX_POINT('',#1524);
#1526=CARTESIAN_POINT('',(1.628E0,-1.862E0,-1.068E0));
#1527=VERTEX_POINT('',#1526);
#1528=CARTESIAN_POINT('',(-2.205E0,-4.25E0,-7.3E0));
#1529=DIRECTION('',(0.E0,-1.E0,0.E0));
#1530=DIRECTION('',(-1.E0,0.E0,0.E0));
#1531=AXIS2_PLACEMENT_3D('',#1528,#1529,#1530);
#1532=CYLINDRICAL_SURFACE('',#1531,1.2E0);
#1534=ORIENTED_EDGE('',*,*,#1533,.F.);
#1536=ORIENTED_EDGE('',*,*,#1535,.T.);
#1538=ORIENTED_EDGE('',*,*,#1537,.T.);
#1540=ORIENTED_EDGE('',*,*,#1539,.T.);
#1542=ORIENTED_EDGE('',*,*,#1541,.T.);
#1544=ORIENTED_EDGE('',*,*,#1543,.F.);
#1545=EDGE_LOOP('',(#1534,#1536,#1538,#1540,#1542,#1544));
#1546=FACE_OUTER_BOUND('',#1545,.F.);
#1548=CARTESIAN_POINT('',(-2.681107528023E0,-2.917356201093E0,
-6.327760361059E0));
#1549=CARTESIAN_POINT('',(-2.720113069756E0,-2.969971898145E0,
-6.358138047916E0));
#1550=CARTESIAN_POINT('',(-2.787752894961E0,-3.081237839085E0,
-6.422377468869E0));
#1551=CARTESIAN_POINT('',(-2.863176118186E0,-3.255350013705E0,
-6.522901179755E0));
#1552=CARTESIAN_POINT('',(-2.916423231267E0,-3.426340673885E0,
-6.621622683439E0));
#1553=CARTESIAN_POINT('',(-2.951651215642E0,-3.587246790533E0,
-6.714521873200E0));
#1554=CARTESIAN_POINT('',(-2.972953241616E0,-3.734642280537E0,
-6.799620699031E0));
#1555=CARTESIAN_POINT('',(-2.983122356996E0,-3.857656256110E0,
-6.870642850942E0));
#1556=CARTESIAN_POINT('',(-2.985761613692E0,-3.931210840040E0,
-6.913109609775E0));
#1557=CARTESIAN_POINT('',(-2.986272042689E0,-3.960788340543E0,
-6.930186187652E0));
#1558=CARTESIAN_POINT('',(-2.887465144893E0,-2.808264565697E0,
-6.251756527150E0));
#1559=CARTESIAN_POINT('',(-2.934269442737E0,-2.871392624935E0,
-6.288203529144E0));
#1560=CARTESIAN_POINT('',(-3.012616614470E0,-3.000845822027E0,
-6.362943367333E0));
#1561=CARTESIAN_POINT('',(-3.097160794205E0,-3.196388012573E0,
-6.475839703683E0));
#1562=CARTESIAN_POINT('',(-3.155730467126E0,-3.384705402665E0,
-6.584564799546E0));
#1563=CARTESIAN_POINT('',(-3.194067696653E0,-3.559945739414E0,
-6.685739855140E0));
#1564=CARTESIAN_POINT('',(-3.217108979965E0,-3.719461287077E0,
-6.777836199524E0));
#1565=CARTESIAN_POINT('',(-3.228073867184E0,-3.852150523269E0,
-6.854444365758E0));
#1566=CARTESIAN_POINT('',(-3.230916891974E0,-3.931392406510E0,
-6.900194688378E0));
#1567=CARTESIAN_POINT('',(-3.231466667747E0,-3.963251874783E0,
-6.918588760962E0));
#1568=CARTESIAN_POINT('',(-3.035898570773E0,-2.640375587496E0,
-6.351965349141E0));
#1569=CARTESIAN_POINT('',(-3.088312528704E0,-2.711065208826E0,
-6.392778021045E0));
#1570=CARTESIAN_POINT('',(-3.174361515138E0,-2.853600533824E0,
-6.475070829301E0));
#1571=CARTESIAN_POINT('',(-3.265466416219E0,-3.064557375540E0,
-6.596866818654E0));
#1572=CARTESIAN_POINT('',(-3.327864616547E0,-3.265337915379E0,
-6.712787517377E0));
#1573=CARTESIAN_POINT('',(-3.368438332018E0,-3.450888883880E0,
-6.819915418990E0));
#1574=CARTESIAN_POINT('',(-3.392730666438E0,-3.619122412043E0,
-6.917045091762E0));
#1575=CARTESIAN_POINT('',(-3.404267953853E0,-3.758771081582E0,
-6.997671288712E0));
#1576=CARTESIAN_POINT('',(-3.407257549419E0,-3.842103850023E0,
-7.045783485004E0));
#1577=CARTESIAN_POINT('',(-3.407835627402E0,-3.875604742048E0,
-7.065125234033E0));
#1578=CARTESIAN_POINT('',(-3.033143951865E0,-2.519177454370E0,
-6.565423509519E0));
#1579=CARTESIAN_POINT('',(-3.085453806050E0,-2.589726748670E0,
-6.606155163574E0));
#1580=CARTESIAN_POINT('',(-3.171359862653E0,-2.732019296297E0,
-6.688307804250E0));
#1581=CARTESIAN_POINT('',(-3.262343010248E0,-2.942690073811E0,
-6.809938634358E0));
#1582=CARTESIAN_POINT('',(-3.324670160986E0,-3.143239323239E0,
-6.925725797501E0));
#1583=CARTESIAN_POINT('',(-3.365202371881E0,-3.328598947634E0,
-7.032743226543E0));
#1584=CARTESIAN_POINT('',(-3.389471489368E0,-3.496670688022E0,
-7.129779491098E0));
#1585=CARTESIAN_POINT('',(-3.400998154212E0,-3.636190204800E0,
-7.210331121667E0));
#1586=CARTESIAN_POINT('',(-3.403985029727E0,-3.719447054830E0,
-7.258399486445E0));
#1587=CARTESIAN_POINT('',(-3.404562582480E0,-3.752917485409E0,
-7.277723648549E0));
#1588=(BOUNDED_SURFACE()B_SPLINE_SURFACE(3,3,((#1548,#1549,#1550,#1551,#1552,
#1553,#1554,#1555,#1556,#1557),(#1558,#1559,#1560,#1561,#1562,#1563,#1564,#1565,
#1566,#1567),(#1568,#1569,#1570,#1571,#1572,#1573,#1574,#1575,#1576,#1577),(
#1578,#1579,#1580,#1581,#1582,#1583,#1584,#1585,#1586,#1587)),.UNSPECIFIED.,.F.,
.F.,.F.)B_SPLINE_SURFACE_WITH_KNOTS((4,4),(4,1,1,1,1,1,1,4),(0.E0,1.E0),(
6.968469109568E-3,1.803179380657E-1,3.495404278524E-1,5.073409977379E-1,
6.526947252182E-1,7.842101120661E-1,9.004307850233E-1,9.785623558601E-1),
.UNSPECIFIED.)GEOMETRIC_REPRESENTATION_ITEM()RATIONAL_B_SPLINE_SURFACE(((
1.186352592164E0,1.186352592164E0,1.186352592164E0,1.186352592164E0,
1.186352592164E0,1.186352592164E0,1.186352592164E0,1.186352592164E0,
1.186352592164E0,1.186352592164E0),(9.378824692785E-1,9.378824692785E-1,
9.378824692785E-1,9.378824692785E-1,9.378824692785E-1,9.378824692785E-1,
9.378824692785E-1,9.378824692785E-1,9.378824692785E-1,9.378824692785E-1),(
9.378824692785E-1,9.378824692785E-1,9.378824692785E-1,9.378824692785E-1,
9.378824692785E-1,9.378824692785E-1,9.378824692785E-1,9.378824692785E-1,
9.378824692785E-1,9.378824692785E-1),(1.186352592164E0,1.186352592164E0,
1.186352592164E0,1.186352592164E0,1.186352592164E0,1.186352592164E0,
1.186352592164E0,1.186352592164E0,1.186352592164E0,1.186352592164E0)))REPRESENTATION_ITEM('')SURFACE());
#1590=ORIENTED_EDGE('',*,*,#1589,.T.);
#1592=ORIENTED_EDGE('',*,*,#1591,.F.);
#1594=ORIENTED_EDGE('',*,*,#1593,.T.);
#1595=ORIENTED_EDGE('',*,*,#1533,.T.);
#1596=EDGE_LOOP('',(#1590,#1592,#1594,#1595));
#1597=FACE_OUTER_BOUND('',#1596,.F.);
#1599=CARTESIAN_POINT('',(-3.E-1,-3.75E0,-7.3E0));
#1600=DIRECTION('',(0.E0,-1.E0,0.E0));
#1601=DIRECTION('',(-1.E0,0.E0,0.E0));
#1602=AXIS2_PLACEMENT_3D('',#1599,#1600,#1601);
#1603=PLANE('',#1602);
#1605=ORIENTED_EDGE('',*,*,#1604,.T.);
#1606=ORIENTED_EDGE('',*,*,#1589,.F.);
#1607=ORIENTED_EDGE('',*,*,#1543,.T.);
#1609=ORIENTED_EDGE('',*,*,#1608,.F.);
#1611=ORIENTED_EDGE('',*,*,#1610,.T.);
#1612=EDGE_LOOP('',(#1605,#1606,#1607,#1609,#1611));
#1613=FACE_OUTER_BOUND('',#1612,.F.);
#1615=CARTESIAN_POINT('',(-3.81E0,-2.870118189755E0,-6.3E0));
#1616=DIRECTION('',(0.E0,5.E-1,-8.660254037844E-1));
#1617=DIRECTION('',(0.E0,-8.660254037844E-1,-5.E-1));
#1618=AXIS2_PLACEMENT_3D('',#1615,#1616,#1617);
#1619=PLANE('',#1618);
#1621=ORIENTED_EDGE('',*,*,#1620,.T.);
#1623=ORIENTED_EDGE('',*,*,#1622,.T.);
#1624=ORIENTED_EDGE('',*,*,#1591,.T.);
#1625=ORIENTED_EDGE('',*,*,#1604,.F.);
#1627=ORIENTED_EDGE('',*,*,#1626,.T.);
#1629=ORIENTED_EDGE('',*,*,#1628,.F.);
#1630=EDGE_LOOP('',(#1621,#1623,#1624,#1625,#1627,#1629));
#1631=FACE_OUTER_BOUND('',#1630,.F.);
#1633=CARTESIAN_POINT('',(-3.81E0,-2.870118189755E0,-6.3E0));
#1634=DIRECTION('',(0.E0,5.E-1,-8.660254037844E-1));
#1635=DIRECTION('',(0.E0,-8.660254037844E-1,-5.E-1));
#1636=AXIS2_PLACEMENT_3D('',#1633,#1634,#1635);
#1637=PLANE('',#1636);
#1639=ORIENTED_EDGE('',*,*,#1638,.T.);
#1641=ORIENTED_EDGE('',*,*,#1640,.T.);
#1643=ORIENTED_EDGE('',*,*,#1642,.F.);
#1645=ORIENTED_EDGE('',*,*,#1644,.T.);
#1647=ORIENTED_EDGE('',*,*,#1646,.F.);
#1649=ORIENTED_EDGE('',*,*,#1648,.T.);
#1650=EDGE_LOOP('',(#1639,#1641,#1643,#1645,#1647,#1649));
#1651=FACE_OUTER_BOUND('',#1650,.F.);
#1653=CARTESIAN_POINT('',(-3.81E0,0.E0,-6.3E0));
#1654=DIRECTION('',(0.E0,0.E0,-1.E0));
#1655=DIRECTION('',(-1.E0,0.E0,0.E0));
#1656=AXIS2_PLACEMENT_3D('',#1653,#1654,#1655);
#1657=PLANE('',#1656);
#1658=ORIENTED_EDGE('',*,*,#1620,.F.);
#1660=ORIENTED_EDGE('',*,*,#1659,.F.);
#1662=ORIENTED_EDGE('',*,*,#1661,.T.);
#1664=ORIENTED_EDGE('',*,*,#1663,.T.);
#1666=ORIENTED_EDGE('',*,*,#1665,.F.);
#1667=EDGE_LOOP('',(#1658,#1660,#1662,#1664,#1666));
#1668=FACE_OUTER_BOUND('',#1667,.F.);
#1670=CARTESIAN_POINT('',(2.099676784197E-1,-4.25E0,-5.969962089907E0));
#1671=DIRECTION('',(0.E0,-1.E0,0.E0));
#1672=DIRECTION('',(-1.E0,0.E0,0.E0));
#1673=AXIS2_PLACEMENT_3D('',#1670,#1671,#1672);
#1674=CYLINDRICAL_SURFACE('',#1673,1.E0);
#1675=ORIENTED_EDGE('',*,*,#1659,.T.);
#1676=ORIENTED_EDGE('',*,*,#1628,.T.);
#1678=ORIENTED_EDGE('',*,*,#1677,.T.);
#1680=ORIENTED_EDGE('',*,*,#1679,.F.);
#1681=EDGE_LOOP('',(#1675,#1676,#1678,#1680));
#1682=FACE_OUTER_BOUND('',#1681,.F.);
#1684=CARTESIAN_POINT('',(-1.35E0,-4.25E0,-7.3E0));
#1685=DIRECTION('',(0.E0,-1.E0,0.E0));
#1686=DIRECTION('',(-1.E0,0.E0,0.E0));
#1687=AXIS2_PLACEMENT_3D('',#1684,#1685,#1686);
#1688=CYLINDRICAL_SURFACE('',#1687,1.05E0);
#1690=ORIENTED_EDGE('',*,*,#1689,.F.);
#1692=ORIENTED_EDGE('',*,*,#1691,.T.);
#1694=ORIENTED_EDGE('',*,*,#1693,.T.);
#1695=ORIENTED_EDGE('',*,*,#1677,.F.);
#1696=ORIENTED_EDGE('',*,*,#1626,.F.);
#1697=ORIENTED_EDGE('',*,*,#1610,.F.);
#1698=EDGE_LOOP('',(#1690,#1692,#1694,#1695,#1696,#1697));
#1699=FACE_OUTER_BOUND('',#1698,.F.);
#1701=CARTESIAN_POINT('',(-3.81E0,-4.25E0,-7.3E0));
#1702=DIRECTION('',(0.E0,0.E0,-1.E0));
#1703=DIRECTION('',(0.E0,1.E0,0.E0));
#1704=AXIS2_PLACEMENT_3D('',#1701,#1702,#1703);
#1705=PLANE('',#1704);
#1707=ORIENTED_EDGE('',*,*,#1706,.F.);
#1709=ORIENTED_EDGE('',*,*,#1708,.T.);
#1711=ORIENTED_EDGE('',*,*,#1710,.T.);
#1713=ORIENTED_EDGE('',*,*,#1712,.F.);
#1714=EDGE_LOOP('',(#1707,#1709,#1711,#1713));
#1715=FACE_OUTER_BOUND('',#1714,.F.);
#1716=ORIENTED_EDGE('',*,*,#1608,.T.);
#1717=ORIENTED_EDGE('',*,*,#1541,.F.);
#1719=ORIENTED_EDGE('',*,*,#1718,.T.);
#1720=ORIENTED_EDGE('',*,*,#1689,.T.);
#1721=EDGE_LOOP('',(#1716,#1717,#1719,#1720));
#1722=FACE_BOUND('',#1721,.F.);
#1724=ORIENTED_EDGE('',*,*,#1723,.T.);
#1726=ORIENTED_EDGE('',*,*,#1725,.T.);
#1728=ORIENTED_EDGE('',*,*,#1727,.T.);
#1730=ORIENTED_EDGE('',*,*,#1729,.F.);
#1731=EDGE_LOOP('',(#1724,#1726,#1728,#1730));
#1732=FACE_BOUND('',#1731,.F.);
#1734=CARTESIAN_POINT('',(-3.81E0,0.E0,0.E0));
#1735=DIRECTION('',(1.E0,0.E0,0.E0));
#1736=DIRECTION('',(0.E0,0.E0,-1.E0));
#1737=AXIS2_PLACEMENT_3D('',#1734,#1735,#1736);
#1738=PLANE('',#1737);
#1740=ORIENTED_EDGE('',*,*,#1739,.T.);
#1742=ORIENTED_EDGE('',*,*,#1741,.T.);
#1743=ORIENTED_EDGE('',*,*,#1706,.T.);
#1745=ORIENTED_EDGE('',*,*,#1744,.T.);
#1747=ORIENTED_EDGE('',*,*,#1746,.T.);
#1749=ORIENTED_EDGE('',*,*,#1748,.T.);
#1750=EDGE_LOOP('',(#1740,#1742,#1743,#1745,#1747,#1749));
#1751=FACE_OUTER_BOUND('',#1750,.F.);
#1753=CARTESIAN_POINT('',(-3.81E0,4.25E0,0.E0));
#1754=DIRECTION('',(0.E0,0.E0,1.E0));
#1755=DIRECTION('',(0.E0,-1.E0,0.E0));
#1756=AXIS2_PLACEMENT_3D('',#1753,#1754,#1755);
#1757=PLANE('',#1756);
#1759=ORIENTED_EDGE('',*,*,#1758,.T.);
#1761=ORIENTED_EDGE('',*,*,#1760,.F.);
#1763=ORIENTED_EDGE('',*,*,#1762,.T.);
#1765=ORIENTED_EDGE('',*,*,#1764,.T.);
#1767=ORIENTED_EDGE('',*,*,#1766,.F.);
#1768=ORIENTED_EDGE('',*,*,#1739,.F.);
#1770=ORIENTED_EDGE('',*,*,#1769,.T.);
#1772=ORIENTED_EDGE('',*,*,#1771,.T.);
#1774=ORIENTED_EDGE('',*,*,#1773,.T.);
#1776=ORIENTED_EDGE('',*,*,#1775,.F.);
#1778=ORIENTED_EDGE('',*,*,#1777,.T.);
#1780=ORIENTED_EDGE('',*,*,#1779,.T.);
#1781=EDGE_LOOP('',(#1759,#1761,#1763,#1765,#1767,#1768,#1770,#1772,#1774,#1776,
#1778,#1780));
#1782=FACE_OUTER_BOUND('',#1781,.F.);
#1784=CARTESIAN_POINT('',(-3.81E0,-2.7E0,0.E0));
#1785=DIRECTION('',(0.E0,1.E0,0.E0));
#1786=DIRECTION('',(1.E0,0.E0,0.E0));
#1787=AXIS2_PLACEMENT_3D('',#1784,#1785,#1786);
#1788=PLANE('',#1787);
#1790=ORIENTED_EDGE('',*,*,#1789,.F.);
#1792=ORIENTED_EDGE('',*,*,#1791,.F.);
#1794=ORIENTED_EDGE('',*,*,#1793,.F.);
#1796=ORIENTED_EDGE('',*,*,#1795,.F.);
#1798=ORIENTED_EDGE('',*,*,#1797,.F.);
#1799=ORIENTED_EDGE('',*,*,#1758,.F.);
#1801=ORIENTED_EDGE('',*,*,#1800,.F.);
#1803=ORIENTED_EDGE('',*,*,#1802,.F.);
#1805=ORIENTED_EDGE('',*,*,#1804,.T.);
#1807=ORIENTED_EDGE('',*,*,#1806,.F.);
#1808=EDGE_LOOP('',(#1790,#1792,#1794,#1796,#1798,#1799,#1801,#1803,#1805,
#1807));
#1809=FACE_OUTER_BOUND('',#1808,.F.);
#1811=CARTESIAN_POINT('',(2.182E0,0.E0,-3.85E0));
#1812=DIRECTION('',(-1.E0,0.E0,0.E0));
#1813=DIRECTION('',(0.E0,-1.E0,0.E0));
#1814=AXIS2_PLACEMENT_3D('',#1811,#1812,#1813);
#1815=PLANE('',#1814);
#1817=ORIENTED_EDGE('',*,*,#1816,.F.);
#1819=ORIENTED_EDGE('',*,*,#1818,.F.);
#1820=ORIENTED_EDGE('',*,*,#1789,.T.);
#1822=ORIENTED_EDGE('',*,*,#1821,.T.);
#1823=EDGE_LOOP('',(#1817,#1819,#1820,#1822));
#1824=FACE_OUTER_BOUND('',#1823,.F.);
#1826=CARTESIAN_POINT('',(1.905E0,-2.202E0,-9.43E-1));
#1827=DIRECTION('',(0.E0,3.450656446310E-1,9.385785533963E-1));
#1828=DIRECTION('',(0.E0,-9.385785533963E-1,3.450656446310E-1));
#1829=AXIS2_PLACEMENT_3D('',#1826,#1827,#1828);
#1830=PLANE('',#1829);
#1831=ORIENTED_EDGE('',*,*,#1816,.T.);
#1833=ORIENTED_EDGE('',*,*,#1832,.F.);
#1835=ORIENTED_EDGE('',*,*,#1834,.T.);
#1837=ORIENTED_EDGE('',*,*,#1836,.T.);
#1838=EDGE_LOOP('',(#1831,#1833,#1835,#1837));
#1839=FACE_OUTER_BOUND('',#1838,.F.);
#1841=CARTESIAN_POINT('',(2.182E0,-2.7E0,-8.18E-1));
#1842=DIRECTION('',(0.E0,0.E0,1.E0));
#1843=DIRECTION('',(0.E0,1.E0,0.E0));
#1844=AXIS2_PLACEMENT_3D('',#1841,#1842,#1843);
#1845=PLANE('',#1844);
#1846=ORIENTED_EDGE('',*,*,#1832,.T.);
#1847=ORIENTED_EDGE('',*,*,#1821,.F.);
#1848=ORIENTED_EDGE('',*,*,#1806,.T.);
#1850=ORIENTED_EDGE('',*,*,#1849,.T.);
#1851=EDGE_LOOP('',(#1846,#1847,#1848,#1850));
#1852=FACE_OUTER_BOUND('',#1851,.F.);
#1854=CARTESIAN_POINT('',(1.628E0,0.E0,-3.85E0));
#1855=DIRECTION('',(-1.E0,0.E0,0.E0));
#1856=DIRECTION('',(0.E0,-1.E0,0.E0));
#1857=AXIS2_PLACEMENT_3D('',#1854,#1855,#1856);
#1858=PLANE('',#1857);
#1859=ORIENTED_EDGE('',*,*,#1834,.F.);
#1860=ORIENTED_EDGE('',*,*,#1849,.F.);
#1861=ORIENTED_EDGE('',*,*,#1804,.F.);
#1863=ORIENTED_EDGE('',*,*,#1862,.T.);
#1864=EDGE_LOOP('',(#1859,#1860,#1861,#1863));
#1865=FACE_OUTER_BOUND('',#1864,.F.);
#1867=CARTESIAN_POINT('',(2.405E0,4.25E0,-1.068E0));
#1868=DIRECTION('',(0.E0,0.E0,-1.E0));
#1869=DIRECTION('',(-1.E0,0.E0,0.E0));
#1870=AXIS2_PLACEMENT_3D('',#1867,#1868,#1869);
#1871=PLANE('',#1870);
#1872=ORIENTED_EDGE('',*,*,#1836,.F.);
#1873=ORIENTED_EDGE('',*,*,#1862,.F.);
#1874=ORIENTED_EDGE('',*,*,#1802,.T.);
#1876=ORIENTED_EDGE('',*,*,#1875,.F.);
#1878=ORIENTED_EDGE('',*,*,#1877,.F.);
#1880=ORIENTED_EDGE('',*,*,#1879,.T.);
#1881=ORIENTED_EDGE('',*,*,#1791,.T.);
#1882=ORIENTED_EDGE('',*,*,#1818,.T.);
#1883=EDGE_LOOP('',(#1872,#1873,#1874,#1876,#1878,#1880,#1881,#1882));
#1884=FACE_OUTER_BOUND('',#1883,.F.);
#1886=CARTESIAN_POINT('',(1.405E0,4.25E0,-1.068E0));
#1887=DIRECTION('',(-1.E0,0.E0,0.E0));
#1888=DIRECTION('',(0.E0,0.E0,1.E0));
#1889=AXIS2_PLACEMENT_3D('',#1886,#1887,#1888);
#1890=PLANE('',#1889);
#1891=ORIENTED_EDGE('',*,*,#1800,.T.);
#1892=ORIENTED_EDGE('',*,*,#1779,.F.);
#1894=ORIENTED_EDGE('',*,*,#1893,.T.);
#1895=ORIENTED_EDGE('',*,*,#1875,.T.);
#1896=EDGE_LOOP('',(#1891,#1892,#1894,#1895));
#1897=FACE_OUTER_BOUND('',#1896,.F.);
#1899=CARTESIAN_POINT('',(-3.81E0,4.25E0,-6.8E0));
#1900=DIRECTION('',(0.E0,1.E0,0.E0));
#1901=DIRECTION('',(0.E0,0.E0,1.E0));
#1902=AXIS2_PLACEMENT_3D('',#1899,#1900,#1901);
#1903=PLANE('',#1902);
#1904=ORIENTED_EDGE('',*,*,#1893,.F.);
#1905=ORIENTED_EDGE('',*,*,#1777,.F.);
#1907=ORIENTED_EDGE('',*,*,#1906,.T.);
#1909=ORIENTED_EDGE('',*,*,#1908,.T.);
#1911=ORIENTED_EDGE('',*,*,#1910,.T.);
#1913=ORIENTED_EDGE('',*,*,#1912,.T.);
#1915=ORIENTED_EDGE('',*,*,#1914,.F.);
#1916=ORIENTED_EDGE('',*,*,#1769,.F.);
#1917=ORIENTED_EDGE('',*,*,#1748,.F.);
#1919=ORIENTED_EDGE('',*,*,#1918,.T.);
#1921=ORIENTED_EDGE('',*,*,#1920,.T.);
#1922=ORIENTED_EDGE('',*,*,#1762,.F.);
#1924=ORIENTED_EDGE('',*,*,#1923,.T.);
#1926=ORIENTED_EDGE('',*,*,#1925,.T.);
#1928=ORIENTED_EDGE('',*,*,#1927,.T.);
#1929=ORIENTED_EDGE('',*,*,#1877,.T.);
#1930=EDGE_LOOP('',(#1904,#1905,#1907,#1909,#1911,#1913,#1915,#1916,#1917,#1919,
#1921,#1922,#1924,#1926,#1928,#1929));
#1931=FACE_OUTER_BOUND('',#1930,.F.);
#1933=ORIENTED_EDGE('',*,*,#1932,.T.);
#1935=ORIENTED_EDGE('',*,*,#1934,.T.);
#1936=EDGE_LOOP('',(#1933,#1935));
#1937=FACE_BOUND('',#1936,.F.);
#1939=ORIENTED_EDGE('',*,*,#1938,.T.);
#1941=ORIENTED_EDGE('',*,*,#1940,.T.);
#1942=EDGE_LOOP('',(#1939,#1941));
#1943=FACE_BOUND('',#1942,.F.);
#1945=CARTESIAN_POINT('',(-1.905E0,4.25E0,-3.85E0));
#1946=DIRECTION('',(0.E0,1.E0,0.E0));
#1947=DIRECTION('',(1.E0,0.E0,0.E0));
#1948=AXIS2_PLACEMENT_3D('',#1945,#1946,#1947);
#1949=CYLINDRICAL_SURFACE('',#1948,1.45E0);
#1951=ORIENTED_EDGE('',*,*,#1950,.T.);
#1953=ORIENTED_EDGE('',*,*,#1952,.T.);
#1955=ORIENTED_EDGE('',*,*,#1954,.T.);
#1957=ORIENTED_EDGE('',*,*,#1956,.F.);
#1959=ORIENTED_EDGE('',*,*,#1958,.T.);
#1961=ORIENTED_EDGE('',*,*,#1960,.F.);
#1962=ORIENTED_EDGE('',*,*,#1938,.F.);
#1964=ORIENTED_EDGE('',*,*,#1963,.T.);
#1965=EDGE_LOOP('',(#1951,#1953,#1955,#1957,#1959,#1961,#1962,#1964));
#1966=FACE_OUTER_BOUND('',#1965,.F.);
#1968=CARTESIAN_POINT('',(-3.81E0,3.497E0,-7.3E0));
#1969=DIRECTION('',(0.E0,1.E0,0.E0));
#1970=DIRECTION('',(1.E0,0.E0,0.E0));
#1971=AXIS2_PLACEMENT_3D('',#1968,#1969,#1970);
#1972=PLANE('',#1971);
#1974=ORIENTED_EDGE('',*,*,#1973,.T.);
#1976=ORIENTED_EDGE('',*,*,#1975,.F.);
#1977=ORIENTED_EDGE('',*,*,#1958,.F.);
#1978=EDGE_LOOP('',(#1974,#1976,#1977));
#1979=FACE_OUTER_BOUND('',#1978,.F.);
#1981=CARTESIAN_POINT('',(-3.81E0,3.497E0,-7.3E0));
#1982=DIRECTION('',(0.E0,1.E0,0.E0));
#1983=DIRECTION('',(1.E0,0.E0,0.E0));
#1984=AXIS2_PLACEMENT_3D('',#1981,#1982,#1983);
#1985=PLANE('',#1984);
#1987=ORIENTED_EDGE('',*,*,#1986,.T.);
#1988=ORIENTED_EDGE('',*,*,#1950,.F.);
#1990=ORIENTED_EDGE('',*,*,#1989,.F.);
#1991=EDGE_LOOP('',(#1987,#1988,#1990));
#1992=FACE_OUTER_BOUND('',#1991,.F.);
#1994=CARTESIAN_POINT('',(-2.205E0,3.497E0,-5.268626095911E0));
#1995=DIRECTION('',(-1.E0,0.E0,0.E0));
#1996=DIRECTION('',(0.E0,0.E0,1.E0));
#1997=AXIS2_PLACEMENT_3D('',#1994,#1995,#1996);
#1998=PLANE('',#1997);
#1999=ORIENTED_EDGE('',*,*,#1973,.F.);
#2000=ORIENTED_EDGE('',*,*,#1956,.T.);
#2002=ORIENTED_EDGE('',*,*,#2001,.T.);
#2004=ORIENTED_EDGE('',*,*,#2003,.F.);
#2005=EDGE_LOOP('',(#1999,#2000,#2002,#2004));
#2006=FACE_OUTER_BOUND('',#2005,.F.);
#2008=CARTESIAN_POINT('',(-3.81E0,2.897E0,-7.3E0));
#2009=DIRECTION('',(0.E0,1.E0,0.E0));
#2010=DIRECTION('',(1.E0,0.E0,0.E0));
#2011=AXIS2_PLACEMENT_3D('',#2008,#2009,#2010);
#2012=PLANE('',#2011);
#2013=ORIENTED_EDGE('',*,*,#2001,.F.);
#2014=ORIENTED_EDGE('',*,*,#1954,.F.);
#2016=ORIENTED_EDGE('',*,*,#2015,.F.);
#2018=ORIENTED_EDGE('',*,*,#2017,.F.);
#2019=EDGE_LOOP('',(#2013,#2014,#2016,#2018));
#2020=FACE_OUTER_BOUND('',#2019,.F.);
#2022=CARTESIAN_POINT('',(-1.605E0,3.497E0,-2.431373904089E0));
#2023=DIRECTION('',(1.E0,0.E0,0.E0));
#2024=DIRECTION('',(0.E0,0.E0,-1.E0));
#2025=AXIS2_PLACEMENT_3D('',#2022,#2023,#2024);
#2026=PLANE('',#2025);
#2027=ORIENTED_EDGE('',*,*,#1986,.F.);
#2029=ORIENTED_EDGE('',*,*,#2028,.T.);
#2030=ORIENTED_EDGE('',*,*,#2015,.T.);
#2031=ORIENTED_EDGE('',*,*,#1952,.F.);
#2032=EDGE_LOOP('',(#2027,#2029,#2030,#2031));
#2033=FACE_OUTER_BOUND('',#2032,.F.);
#2035=CARTESIAN_POINT('',(-1.905E0,4.25E0,-3.85E0));
#2036=DIRECTION('',(0.E0,1.E0,0.E0));
#2037=DIRECTION('',(1.E0,0.E0,0.E0));
#2038=AXIS2_PLACEMENT_3D('',#2035,#2036,#2037);
#2039=CYLINDRICAL_SURFACE('',#2038,1.45E0);
#2040=ORIENTED_EDGE('',*,*,#1975,.T.);
#2041=ORIENTED_EDGE('',*,*,#2003,.T.);
#2042=ORIENTED_EDGE('',*,*,#2017,.T.);
#2043=ORIENTED_EDGE('',*,*,#2028,.F.);
#2044=ORIENTED_EDGE('',*,*,#1989,.T.);
#2045=ORIENTED_EDGE('',*,*,#1963,.F.);
#2046=ORIENTED_EDGE('',*,*,#1940,.F.);
#2047=ORIENTED_EDGE('',*,*,#1960,.T.);
#2048=EDGE_LOOP('',(#2040,#2041,#2042,#2043,#2044,#2045,#2046,#2047));
#2049=FACE_OUTER_BOUND('',#2048,.F.);
#2051=CARTESIAN_POINT('',(1.905E0,4.25E0,-3.85E0));
#2052=DIRECTION('',(0.E0,1.E0,0.E0));
#2053=DIRECTION('',(1.E0,0.E0,0.E0));
#2054=AXIS2_PLACEMENT_3D('',#2051,#2052,#2053);
#2055=CYLINDRICAL_SURFACE('',#2054,1.45E0);
#2057=ORIENTED_EDGE('',*,*,#2056,.T.);
#2059=ORIENTED_EDGE('',*,*,#2058,.T.);
#2061=ORIENTED_EDGE('',*,*,#2060,.T.);
#2063=ORIENTED_EDGE('',*,*,#2062,.F.);
#2065=ORIENTED_EDGE('',*,*,#2064,.T.);
#2067=ORIENTED_EDGE('',*,*,#2066,.F.);
#2068=ORIENTED_EDGE('',*,*,#1932,.F.);
#2070=ORIENTED_EDGE('',*,*,#2069,.T.);
#2071=EDGE_LOOP('',(#2057,#2059,#2061,#2063,#2065,#2067,#2068,#2070));
#2072=FACE_OUTER_BOUND('',#2071,.F.);
#2074=CARTESIAN_POINT('',(0.E0,3.497E0,-7.3E0));
#2075=DIRECTION('',(0.E0,1.E0,0.E0));
#2076=DIRECTION('',(1.E0,0.E0,0.E0));
#2077=AXIS2_PLACEMENT_3D('',#2074,#2075,#2076);
#2078=PLANE('',#2077);
#2080=ORIENTED_EDGE('',*,*,#2079,.T.);
#2082=ORIENTED_EDGE('',*,*,#2081,.F.);
#2083=ORIENTED_EDGE('',*,*,#2064,.F.);
#2084=EDGE_LOOP('',(#2080,#2082,#2083));
#2085=FACE_OUTER_BOUND('',#2084,.F.);
#2087=CARTESIAN_POINT('',(0.E0,3.497E0,-7.3E0));
#2088=DIRECTION('',(0.E0,1.E0,0.E0));
#2089=DIRECTION('',(1.E0,0.E0,0.E0));
#2090=AXIS2_PLACEMENT_3D('',#2087,#2088,#2089);
#2091=PLANE('',#2090);
#2093=ORIENTED_EDGE('',*,*,#2092,.T.);
#2094=ORIENTED_EDGE('',*,*,#2056,.F.);
#2096=ORIENTED_EDGE('',*,*,#2095,.F.);
#2097=EDGE_LOOP('',(#2093,#2094,#2096));
#2098=FACE_OUTER_BOUND('',#2097,.F.);
#2100=CARTESIAN_POINT('',(1.605E0,3.497E0,-5.268626095911E0));
#2101=DIRECTION('',(-1.E0,0.E0,0.E0));
#2102=DIRECTION('',(0.E0,0.E0,1.E0));
#2103=AXIS2_PLACEMENT_3D('',#2100,#2101,#2102);
#2104=PLANE('',#2103);
#2105=ORIENTED_EDGE('',*,*,#2079,.F.);
#2106=ORIENTED_EDGE('',*,*,#2062,.T.);
#2108=ORIENTED_EDGE('',*,*,#2107,.T.);
#2110=ORIENTED_EDGE('',*,*,#2109,.F.);
#2111=EDGE_LOOP('',(#2105,#2106,#2108,#2110));
#2112=FACE_OUTER_BOUND('',#2111,.F.);
#2114=CARTESIAN_POINT('',(-3.81E0,2.897E0,-7.3E0));
#2115=DIRECTION('',(0.E0,1.E0,0.E0));
#2116=DIRECTION('',(1.E0,0.E0,0.E0));
#2117=AXIS2_PLACEMENT_3D('',#2114,#2115,#2116);
#2118=PLANE('',#2117);
#2119=ORIENTED_EDGE('',*,*,#2107,.F.);
#2120=ORIENTED_EDGE('',*,*,#2060,.F.);
#2122=ORIENTED_EDGE('',*,*,#2121,.F.);
#2124=ORIENTED_EDGE('',*,*,#2123,.F.);
#2125=EDGE_LOOP('',(#2119,#2120,#2122,#2124));
#2126=FACE_OUTER_BOUND('',#2125,.F.);
#2128=CARTESIAN_POINT('',(2.205E0,3.497E0,-2.431373904089E0));
#2129=DIRECTION('',(1.E0,0.E0,0.E0));
#2130=DIRECTION('',(0.E0,0.E0,-1.E0));
#2131=AXIS2_PLACEMENT_3D('',#2128,#2129,#2130);
#2132=PLANE('',#2131);
#2133=ORIENTED_EDGE('',*,*,#2092,.F.);
#2135=ORIENTED_EDGE('',*,*,#2134,.T.);
#2136=ORIENTED_EDGE('',*,*,#2121,.T.);
#2137=ORIENTED_EDGE('',*,*,#2058,.F.);
#2138=EDGE_LOOP('',(#2133,#2135,#2136,#2137));
#2139=FACE_OUTER_BOUND('',#2138,.F.);
#2141=CARTESIAN_POINT('',(1.905E0,4.25E0,-3.85E0));
#2142=DIRECTION('',(0.E0,1.E0,0.E0));
#2143=DIRECTION('',(1.E0,0.E0,0.E0));
#2144=AXIS2_PLACEMENT_3D('',#2141,#2142,#2143);
#2145=CYLINDRICAL_SURFACE('',#2144,1.45E0);
#2146=ORIENTED_EDGE('',*,*,#2081,.T.);
#2147=ORIENTED_EDGE('',*,*,#2109,.T.);
#2148=ORIENTED_EDGE('',*,*,#2123,.T.);
#2149=ORIENTED_EDGE('',*,*,#2134,.F.);
#2150=ORIENTED_EDGE('',*,*,#2095,.T.);
#2151=ORIENTED_EDGE('',*,*,#2069,.F.);
#2152=ORIENTED_EDGE('',*,*,#1934,.F.);
#2153=ORIENTED_EDGE('',*,*,#2066,.T.);
#2154=EDGE_LOOP('',(#2146,#2147,#2148,#2149,#2150,#2151,#2152,#2153));
#2155=FACE_OUTER_BOUND('',#2154,.F.);
#2157=CARTESIAN_POINT('',(-4.55E-1,4.25E0,0.E0));
#2158=DIRECTION('',(1.E0,0.E0,0.E0));
#2159=DIRECTION('',(0.E0,0.E0,-1.E0));
#2160=AXIS2_PLACEMENT_3D('',#2157,#2158,#2159);
#2161=PLANE('',#2160);
#2162=ORIENTED_EDGE('',*,*,#1775,.T.);
#2164=ORIENTED_EDGE('',*,*,#2163,.T.);
#2166=ORIENTED_EDGE('',*,*,#2165,.F.);
#2167=ORIENTED_EDGE('',*,*,#1906,.F.);
#2168=EDGE_LOOP('',(#2162,#2164,#2166,#2167));
#2169=FACE_OUTER_BOUND('',#2168,.F.);
#2171=CARTESIAN_POINT('',(-3.81E0,-2.7E0,0.E0));
#2172=DIRECTION('',(0.E0,1.E0,0.E0));
#2173=DIRECTION('',(1.E0,0.E0,0.E0));
#2174=AXIS2_PLACEMENT_3D('',#2171,#2172,#2173);
#2175=PLANE('',#2174);
#2177=ORIENTED_EDGE('',*,*,#2176,.T.);
#2179=ORIENTED_EDGE('',*,*,#2178,.F.);
#2181=ORIENTED_EDGE('',*,*,#2180,.F.);
#2183=ORIENTED_EDGE('',*,*,#2182,.F.);
#2184=ORIENTED_EDGE('',*,*,#2163,.F.);
#2185=ORIENTED_EDGE('',*,*,#1773,.F.);
#2187=ORIENTED_EDGE('',*,*,#2186,.F.);
#2189=ORIENTED_EDGE('',*,*,#2188,.F.);
#2191=ORIENTED_EDGE('',*,*,#2190,.F.);
#2193=ORIENTED_EDGE('',*,*,#2192,.T.);
#2194=EDGE_LOOP('',(#2177,#2179,#2181,#2183,#2184,#2185,#2187,#2189,#2191,
#2193));
#2195=FACE_OUTER_BOUND('',#2194,.F.);
#2197=CARTESIAN_POINT('',(-1.628E0,0.E0,-3.85E0));
#2198=DIRECTION('',(-1.E0,0.E0,0.E0));
#2199=DIRECTION('',(0.E0,-1.E0,0.E0));
#2200=AXIS2_PLACEMENT_3D('',#2197,#2198,#2199);
#2201=PLANE('',#2200);
#2203=ORIENTED_EDGE('',*,*,#2202,.T.);
#2205=ORIENTED_EDGE('',*,*,#2204,.F.);
#2207=ORIENTED_EDGE('',*,*,#2206,.F.);
#2208=ORIENTED_EDGE('',*,*,#2176,.F.);
#2209=EDGE_LOOP('',(#2203,#2205,#2207,#2208));
#2210=FACE_OUTER_BOUND('',#2209,.F.);
#2212=CARTESIAN_POINT('',(-1.628E0,-2.7E0,-8.18E-1));
#2213=DIRECTION('',(0.E0,0.E0,1.E0));
#2214=DIRECTION('',(0.E0,1.E0,0.E0));
#2215=AXIS2_PLACEMENT_3D('',#2212,#2213,#2214);
#2216=PLANE('',#2215);
#2217=ORIENTED_EDGE('',*,*,#2202,.F.);
#2218=ORIENTED_EDGE('',*,*,#2192,.F.);
#2220=ORIENTED_EDGE('',*,*,#2219,.T.);
#2222=ORIENTED_EDGE('',*,*,#2221,.T.);
#2223=EDGE_LOOP('',(#2217,#2218,#2220,#2222));
#2224=FACE_OUTER_BOUND('',#2223,.F.);
#2226=CARTESIAN_POINT('',(-2.182E0,0.E0,-3.85E0));
#2227=DIRECTION('',(-1.E0,0.E0,0.E0));
#2228=DIRECTION('',(0.E0,-1.E0,0.E0));
#2229=AXIS2_PLACEMENT_3D('',#2226,#2227,#2228);
#2230=PLANE('',#2229);
#2231=ORIENTED_EDGE('',*,*,#2219,.F.);
#2232=ORIENTED_EDGE('',*,*,#2190,.T.);
#2234=ORIENTED_EDGE('',*,*,#2233,.T.);
#2236=ORIENTED_EDGE('',*,*,#2235,.F.);
#2237=EDGE_LOOP('',(#2231,#2232,#2234,#2236));
#2238=FACE_OUTER_BOUND('',#2237,.F.);
#2240=CARTESIAN_POINT('',(-1.405E0,4.25E0,-1.068E0));
#2241=DIRECTION('',(0.E0,0.E0,-1.E0));
#2242=DIRECTION('',(-1.E0,0.E0,0.E0));
#2243=AXIS2_PLACEMENT_3D('',#2240,#2241,#2242);
#2244=PLANE('',#2243);
#2246=ORIENTED_EDGE('',*,*,#2245,.F.);
#2247=ORIENTED_EDGE('',*,*,#2233,.F.);
#2248=ORIENTED_EDGE('',*,*,#2188,.T.);
#2250=ORIENTED_EDGE('',*,*,#2249,.F.);
#2251=ORIENTED_EDGE('',*,*,#1912,.F.);
#2253=ORIENTED_EDGE('',*,*,#2252,.T.);
#2254=ORIENTED_EDGE('',*,*,#2178,.T.);
#2255=ORIENTED_EDGE('',*,*,#2206,.T.);
#2256=EDGE_LOOP('',(#2246,#2247,#2248,#2250,#2251,#2253,#2254,#2255));
#2257=FACE_OUTER_BOUND('',#2256,.F.);
#2259=CARTESIAN_POINT('',(-1.905E0,-2.202E0,-9.43E-1));
#2260=DIRECTION('',(0.E0,3.450656446310E-1,9.385785533963E-1));
#2261=DIRECTION('',(0.E0,-9.385785533963E-1,3.450656446310E-1));
#2262=AXIS2_PLACEMENT_3D('',#2259,#2260,#2261);
#2263=PLANE('',#2262);
#2264=ORIENTED_EDGE('',*,*,#2204,.T.);
#2265=ORIENTED_EDGE('',*,*,#2221,.F.);
#2266=ORIENTED_EDGE('',*,*,#2235,.T.);
#2267=ORIENTED_EDGE('',*,*,#2245,.T.);
#2268=EDGE_LOOP('',(#2264,#2265,#2266,#2267));
#2269=FACE_OUTER_BOUND('',#2268,.F.);
#2271=CARTESIAN_POINT('',(-2.405E0,4.25E0,-1.068E0));
#2272=DIRECTION('',(-1.E0,0.E0,0.E0));
#2273=DIRECTION('',(0.E0,0.E0,1.E0));
#2274=AXIS2_PLACEMENT_3D('',#2271,#2272,#2273);
#2275=PLANE('',#2274);
#2276=ORIENTED_EDGE('',*,*,#1771,.F.);
#2277=ORIENTED_EDGE('',*,*,#1914,.T.);
#2278=ORIENTED_EDGE('',*,*,#2249,.T.);
#2279=ORIENTED_EDGE('',*,*,#2186,.T.);
#2280=EDGE_LOOP('',(#2276,#2277,#2278,#2279));
#2281=FACE_OUTER_BOUND('',#2280,.F.);
#2283=CARTESIAN_POINT('',(-1.405E0,4.25E0,-2.5E-1));
#2284=DIRECTION('',(1.E0,0.E0,0.E0));
#2285=DIRECTION('',(0.E0,0.E0,-1.E0));
#2286=AXIS2_PLACEMENT_3D('',#2283,#2284,#2285);
#2287=PLANE('',#2286);
#2288=ORIENTED_EDGE('',*,*,#1910,.F.);
#2290=ORIENTED_EDGE('',*,*,#2289,.T.);
#2291=ORIENTED_EDGE('',*,*,#2180,.T.);
#2292=ORIENTED_EDGE('',*,*,#2252,.F.);
#2293=EDGE_LOOP('',(#2288,#2290,#2291,#2292));
#2294=FACE_OUTER_BOUND('',#2293,.F.);
#2296=CARTESIAN_POINT('',(-4.55E-1,4.25E0,-2.5E-1));
#2297=DIRECTION('',(0.E0,0.E0,-1.E0));
#2298=DIRECTION('',(-1.E0,0.E0,0.E0));
#2299=AXIS2_PLACEMENT_3D('',#2296,#2297,#2298);
#2300=PLANE('',#2299);
#2301=ORIENTED_EDGE('',*,*,#1908,.F.);
#2302=ORIENTED_EDGE('',*,*,#2165,.T.);
#2303=ORIENTED_EDGE('',*,*,#2182,.T.);
#2304=ORIENTED_EDGE('',*,*,#2289,.F.);
#2305=EDGE_LOOP('',(#2301,#2302,#2303,#2304));
#2306=FACE_OUTER_BOUND('',#2305,.F.);
#2308=CARTESIAN_POINT('',(-3.81E0,7.5E-1,-6.8E0));
#2309=DIRECTION('',(0.E0,0.E0,-1.E0));
#2310=DIRECTION('',(0.E0,1.E0,0.E0));
#2311=AXIS2_PLACEMENT_3D('',#2308,#2309,#2310);
#2312=PLANE('',#2311);
#2313=ORIENTED_EDGE('',*,*,#1746,.F.);
#2315=ORIENTED_EDGE('',*,*,#2314,.T.);
#2317=ORIENTED_EDGE('',*,*,#2316,.T.);
#2318=ORIENTED_EDGE('',*,*,#1918,.F.);
#2319=EDGE_LOOP('',(#2313,#2315,#2317,#2318));
#2320=FACE_OUTER_BOUND('',#2319,.F.);
#2322=CARTESIAN_POINT('',(-3.81E0,7.5E-1,-7.3E0));
#2323=DIRECTION('',(0.E0,1.E0,0.E0));
#2324=DIRECTION('',(0.E0,0.E0,1.E0));
#2325=AXIS2_PLACEMENT_3D('',#2322,#2323,#2324);
#2326=PLANE('',#2325);
#2327=ORIENTED_EDGE('',*,*,#1744,.F.);
#2328=ORIENTED_EDGE('',*,*,#1712,.T.);
#2330=ORIENTED_EDGE('',*,*,#2329,.T.);
#2331=ORIENTED_EDGE('',*,*,#2314,.F.);
#2332=EDGE_LOOP('',(#2327,#2328,#2330,#2331));
#2333=FACE_OUTER_BOUND('',#2332,.F.);
#2335=CARTESIAN_POINT('',(3.81E0,0.E0,0.E0));
#2336=DIRECTION('',(1.E0,0.E0,0.E0));
#2337=DIRECTION('',(0.E0,0.E0,-1.E0));
#2338=AXIS2_PLACEMENT_3D('',#2335,#2336,#2337);
#2339=PLANE('',#2338);
#2340=ORIENTED_EDGE('',*,*,#1764,.F.);
#2341=ORIENTED_EDGE('',*,*,#1920,.F.);
#2342=ORIENTED_EDGE('',*,*,#2316,.F.);
#2343=ORIENTED_EDGE('',*,*,#2329,.F.);
#2344=ORIENTED_EDGE('',*,*,#1710,.F.);
#2346=ORIENTED_EDGE('',*,*,#2345,.F.);
#2347=EDGE_LOOP('',(#2340,#2341,#2342,#2343,#2344,#2346));
#2348=FACE_OUTER_BOUND('',#2347,.F.);
#2350=CARTESIAN_POINT('',(-3.81E0,-4.25E0,0.E0));
#2351=DIRECTION('',(0.E0,-1.E0,0.E0));
#2352=DIRECTION('',(0.E0,0.E0,-1.E0));
#2353=AXIS2_PLACEMENT_3D('',#2350,#2351,#2352);
#2354=PLANE('',#2353);
#2355=ORIENTED_EDGE('',*,*,#1741,.F.);
#2356=ORIENTED_EDGE('',*,*,#1766,.T.);
#2357=ORIENTED_EDGE('',*,*,#2345,.T.);
#2358=ORIENTED_EDGE('',*,*,#1708,.F.);
#2359=EDGE_LOOP('',(#2355,#2356,#2357,#2358));
#2360=FACE_OUTER_BOUND('',#2359,.F.);
#2362=ORIENTED_EDGE('',*,*,#2361,.T.);
#2364=ORIENTED_EDGE('',*,*,#2363,.T.);
#2366=ORIENTED_EDGE('',*,*,#2365,.T.);
#2368=ORIENTED_EDGE('',*,*,#2367,.T.);
#2370=ORIENTED_EDGE('',*,*,#2369,.T.);
#2372=ORIENTED_EDGE('',*,*,#2371,.T.);
#2374=ORIENTED_EDGE('',*,*,#2373,.T.);
#2376=ORIENTED_EDGE('',*,*,#2375,.T.);
#2378=ORIENTED_EDGE('',*,*,#2377,.T.);
#2380=ORIENTED_EDGE('',*,*,#2379,.T.);
#2382=ORIENTED_EDGE('',*,*,#2381,.T.);
#2384=ORIENTED_EDGE('',*,*,#2383,.T.);
#2385=EDGE_LOOP('',(#2362,#2364,#2366,#2368,#2370,#2372,#2374,#2376,#2378,#2380,
#2382,#2384));
#2386=FACE_BOUND('',#2385,.F.);
#2388=ORIENTED_EDGE('',*,*,#2387,.T.);
#2390=ORIENTED_EDGE('',*,*,#2389,.T.);
#2392=ORIENTED_EDGE('',*,*,#2391,.T.);
#2394=ORIENTED_EDGE('',*,*,#2393,.T.);
#2396=ORIENTED_EDGE('',*,*,#2395,.T.);
#2398=ORIENTED_EDGE('',*,*,#2397,.T.);
#2400=ORIENTED_EDGE('',*,*,#2399,.T.);
#2402=ORIENTED_EDGE('',*,*,#2401,.T.);
#2404=ORIENTED_EDGE('',*,*,#2403,.T.);
#2406=ORIENTED_EDGE('',*,*,#2405,.T.);
#2408=ORIENTED_EDGE('',*,*,#2407,.T.);
#2410=ORIENTED_EDGE('',*,*,#2409,.T.);
#2411=EDGE_LOOP('',(#2388,#2390,#2392,#2394,#2396,#2398,#2400,#2402,#2404,#2406,
#2408,#2410));
#2412=FACE_BOUND('',#2411,.F.);
#2414=CARTESIAN_POINT('',(-3.255E0,-4.25E0,-7.E-1));
#2415=DIRECTION('',(-1.E0,0.E0,0.E0));
#2416=DIRECTION('',(0.E0,0.E0,-1.E0));
#2417=AXIS2_PLACEMENT_3D('',#2414,#2415,#2416);
#2418=PLANE('',#2417);
#2420=ORIENTED_EDGE('',*,*,#2419,.F.);
#2421=ORIENTED_EDGE('',*,*,#2361,.F.);
#2423=ORIENTED_EDGE('',*,*,#2422,.T.);
#2425=ORIENTED_EDGE('',*,*,#2424,.T.);
#2426=EDGE_LOOP('',(#2420,#2421,#2423,#2425));
#2427=FACE_OUTER_BOUND('',#2426,.F.);
#2429=CARTESIAN_POINT('',(-3.255E0,-4.25E0,-1.25E0));
#2430=DIRECTION('',(0.E0,0.E0,-1.E0));
#2431=DIRECTION('',(1.E0,0.E0,0.E0));
#2432=AXIS2_PLACEMENT_3D('',#2429,#2430,#2431);
#2433=PLANE('',#2432);
#2434=ORIENTED_EDGE('',*,*,#2419,.T.);
#2436=ORIENTED_EDGE('',*,*,#2435,.T.);
#2438=ORIENTED_EDGE('',*,*,#2437,.F.);
#2439=ORIENTED_EDGE('',*,*,#2363,.F.);
#2440=EDGE_LOOP('',(#2434,#2436,#2438,#2439));
#2441=FACE_OUTER_BOUND('',#2440,.F.);
#2443=CARTESIAN_POINT('',(-3.81E0,-4.15E0,0.E0));
#2444=DIRECTION('',(0.E0,-1.E0,0.E0));
#2445=DIRECTION('',(1.E0,0.E0,0.E0));
#2446=AXIS2_PLACEMENT_3D('',#2443,#2444,#2445);
#2447=PLANE('',#2446);
#2448=ORIENTED_EDGE('',*,*,#2424,.F.);
#2450=ORIENTED_EDGE('',*,*,#2449,.F.);
#2452=ORIENTED_EDGE('',*,*,#2451,.F.);
#2454=ORIENTED_EDGE('',*,*,#2453,.F.);
#2456=ORIENTED_EDGE('',*,*,#2455,.F.);
#2458=ORIENTED_EDGE('',*,*,#2457,.F.);
#2460=ORIENTED_EDGE('',*,*,#2459,.F.);
#2462=ORIENTED_EDGE('',*,*,#2461,.F.);
#2464=ORIENTED_EDGE('',*,*,#2463,.F.);
#2466=ORIENTED_EDGE('',*,*,#2465,.F.);
#2468=ORIENTED_EDGE('',*,*,#2467,.F.);
#2469=ORIENTED_EDGE('',*,*,#2435,.F.);
#2470=EDGE_LOOP('',(#2448,#2450,#2452,#2454,#2456,#2458,#2460,#2462,#2464,#2466,
#2468,#2469));
#2471=FACE_OUTER_BOUND('',#2470,.F.);
#2473=CARTESIAN_POINT('',(-5.55E-1,-4.25E0,-7.E-1));
#2474=DIRECTION('',(0.E0,0.E0,1.E0));
#2475=DIRECTION('',(-1.E0,0.E0,0.E0));
#2476=AXIS2_PLACEMENT_3D('',#2473,#2474,#2475);
#2477=PLANE('',#2476);
#2478=ORIENTED_EDGE('',*,*,#2383,.F.);
#2480=ORIENTED_EDGE('',*,*,#2479,.T.);
#2481=ORIENTED_EDGE('',*,*,#2449,.T.);
#2482=ORIENTED_EDGE('',*,*,#2422,.F.);
#2483=EDGE_LOOP('',(#2478,#2480,#2481,#2482));
#2484=FACE_OUTER_BOUND('',#2483,.F.);
#2486=CARTESIAN_POINT('',(-5.55E-1,-4.25E0,-1.25E0));
#2487=DIRECTION('',(1.E0,0.E0,0.E0));
#2488=DIRECTION('',(0.E0,0.E0,1.E0));
#2489=AXIS2_PLACEMENT_3D('',#2486,#2487,#2488);
#2490=PLANE('',#2489);
#2492=ORIENTED_EDGE('',*,*,#2491,.T.);
#2493=ORIENTED_EDGE('',*,*,#2451,.T.);
#2494=ORIENTED_EDGE('',*,*,#2479,.F.);
#2495=ORIENTED_EDGE('',*,*,#2381,.F.);
#2496=EDGE_LOOP('',(#2492,#2493,#2494,#2495));
#2497=FACE_OUTER_BOUND('',#2496,.F.);
#2499=CARTESIAN_POINT('',(-1.105E0,-4.25E0,-1.25E0));
#2500=DIRECTION('',(0.E0,0.E0,-1.E0));
#2501=DIRECTION('',(1.E0,0.E0,0.E0));
#2502=AXIS2_PLACEMENT_3D('',#2499,#2500,#2501);
#2503=PLANE('',#2502);
#2505=ORIENTED_EDGE('',*,*,#2504,.T.);
#2506=ORIENTED_EDGE('',*,*,#2453,.T.);
#2507=ORIENTED_EDGE('',*,*,#2491,.F.);
#2508=ORIENTED_EDGE('',*,*,#2379,.F.);
#2509=EDGE_LOOP('',(#2505,#2506,#2507,#2508));
#2510=FACE_OUTER_BOUND('',#2509,.F.);
#2512=CARTESIAN_POINT('',(-1.105E0,-4.25E0,-1.8E0));
#2513=DIRECTION('',(1.E0,0.E0,0.E0));
#2514=DIRECTION('',(0.E0,0.E0,1.E0));
#2515=AXIS2_PLACEMENT_3D('',#2512,#2513,#2514);
#2516=PLANE('',#2515);
#2518=ORIENTED_EDGE('',*,*,#2517,.T.);
#2519=ORIENTED_EDGE('',*,*,#2455,.T.);
#2520=ORIENTED_EDGE('',*,*,#2504,.F.);
#2521=ORIENTED_EDGE('',*,*,#2377,.F.);
#2522=EDGE_LOOP('',(#2518,#2519,#2520,#2521));
#2523=FACE_OUTER_BOUND('',#2522,.F.);
#2525=CARTESIAN_POINT('',(-5.E-1,-4.25E0,-1.8E0));
#2526=DIRECTION('',(0.E0,0.E0,1.E0));
#2527=DIRECTION('',(-1.E0,0.E0,0.E0));
#2528=AXIS2_PLACEMENT_3D('',#2525,#2526,#2527);
#2529=PLANE('',#2528);
#2530=ORIENTED_EDGE('',*,*,#2517,.F.);
#2531=ORIENTED_EDGE('',*,*,#2375,.F.);
#2533=ORIENTED_EDGE('',*,*,#2532,.T.);
#2534=ORIENTED_EDGE('',*,*,#2457,.T.);
#2535=EDGE_LOOP('',(#2530,#2531,#2533,#2534));
#2536=FACE_OUTER_BOUND('',#2535,.F.);
#2538=CARTESIAN_POINT('',(-5.E-1,-4.25E0,-5.9E0));
#2539=DIRECTION('',(1.E0,0.E0,0.E0));
#2540=DIRECTION('',(0.E0,0.E0,1.E0));
#2541=AXIS2_PLACEMENT_3D('',#2538,#2539,#2540);
#2542=PLANE('',#2541);
#2543=ORIENTED_EDGE('',*,*,#2373,.F.);
#2545=ORIENTED_EDGE('',*,*,#2544,.T.);
#2546=ORIENTED_EDGE('',*,*,#2459,.T.);
#2547=ORIENTED_EDGE('',*,*,#2532,.F.);
#2548=EDGE_LOOP('',(#2543,#2545,#2546,#2547));
#2549=FACE_OUTER_BOUND('',#2548,.F.);
#2551=CARTESIAN_POINT('',(-3.255E0,-4.25E0,-5.9E0));
#2552=DIRECTION('',(0.E0,0.E0,-1.E0));
#2553=DIRECTION('',(1.E0,0.E0,0.E0));
#2554=AXIS2_PLACEMENT_3D('',#2551,#2552,#2553);
#2555=PLANE('',#2554);
#2556=ORIENTED_EDGE('',*,*,#2371,.F.);
#2558=ORIENTED_EDGE('',*,*,#2557,.T.);
#2559=ORIENTED_EDGE('',*,*,#2461,.T.);
#2560=ORIENTED_EDGE('',*,*,#2544,.F.);
#2561=EDGE_LOOP('',(#2556,#2558,#2559,#2560));
#2562=FACE_OUTER_BOUND('',#2561,.F.);
#2564=CARTESIAN_POINT('',(-3.255E0,-4.25E0,-1.8E0));
#2565=DIRECTION('',(-1.E0,0.E0,0.E0));
#2566=DIRECTION('',(0.E0,0.E0,-1.E0));
#2567=AXIS2_PLACEMENT_3D('',#2564,#2565,#2566);
#2568=PLANE('',#2567);
#2569=ORIENTED_EDGE('',*,*,#2369,.F.);
#2571=ORIENTED_EDGE('',*,*,#2570,.T.);
#2572=ORIENTED_EDGE('',*,*,#2463,.T.);
#2573=ORIENTED_EDGE('',*,*,#2557,.F.);
#2574=EDGE_LOOP('',(#2569,#2571,#2572,#2573));
#2575=FACE_OUTER_BOUND('',#2574,.F.);
#2577=CARTESIAN_POINT('',(-2.705E0,-4.25E0,-1.8E0));
#2578=DIRECTION('',(0.E0,0.E0,1.E0));
#2579=DIRECTION('',(-1.E0,0.E0,0.E0));
#2580=AXIS2_PLACEMENT_3D('',#2577,#2578,#2579);
#2581=PLANE('',#2580);
#2582=ORIENTED_EDGE('',*,*,#2367,.F.);
#2584=ORIENTED_EDGE('',*,*,#2583,.T.);
#2585=ORIENTED_EDGE('',*,*,#2465,.T.);
#2586=ORIENTED_EDGE('',*,*,#2570,.F.);
#2587=EDGE_LOOP('',(#2582,#2584,#2585,#2586));
#2588=FACE_OUTER_BOUND('',#2587,.F.);
#2590=CARTESIAN_POINT('',(-2.705E0,-4.25E0,-1.25E0));
#2591=DIRECTION('',(-1.E0,0.E0,0.E0));
#2592=DIRECTION('',(0.E0,0.E0,-1.E0));
#2593=AXIS2_PLACEMENT_3D('',#2590,#2591,#2592);
#2594=PLANE('',#2593);
#2595=ORIENTED_EDGE('',*,*,#2437,.T.);
#2596=ORIENTED_EDGE('',*,*,#2467,.T.);
#2597=ORIENTED_EDGE('',*,*,#2583,.F.);
#2598=ORIENTED_EDGE('',*,*,#2365,.F.);
#2599=EDGE_LOOP('',(#2595,#2596,#2597,#2598));
#2600=FACE_OUTER_BOUND('',#2599,.F.);
#2602=CARTESIAN_POINT('',(5.55E-1,-4.25E0,-7.E-1));
#2603=DIRECTION('',(-1.E0,0.E0,0.E0));
#2604=DIRECTION('',(0.E0,0.E0,-1.E0));
#2605=AXIS2_PLACEMENT_3D('',#2602,#2603,#2604);
#2606=PLANE('',#2605);
#2608=ORIENTED_EDGE('',*,*,#2607,.F.);
#2609=ORIENTED_EDGE('',*,*,#2387,.F.);
#2611=ORIENTED_EDGE('',*,*,#2610,.T.);
#2613=ORIENTED_EDGE('',*,*,#2612,.T.);
#2614=EDGE_LOOP('',(#2608,#2609,#2611,#2613));
#2615=FACE_OUTER_BOUND('',#2614,.F.);
#2617=CARTESIAN_POINT('',(5.55E-1,-4.25E0,-1.25E0));
#2618=DIRECTION('',(0.E0,0.E0,-1.E0));
#2619=DIRECTION('',(1.E0,0.E0,0.E0));
#2620=AXIS2_PLACEMENT_3D('',#2617,#2618,#2619);
#2621=PLANE('',#2620);
#2622=ORIENTED_EDGE('',*,*,#2607,.T.);
#2624=ORIENTED_EDGE('',*,*,#2623,.T.);
#2626=ORIENTED_EDGE('',*,*,#2625,.F.);
#2627=ORIENTED_EDGE('',*,*,#2389,.F.);
#2628=EDGE_LOOP('',(#2622,#2624,#2626,#2627));
#2629=FACE_OUTER_BOUND('',#2628,.F.);
#2631=CARTESIAN_POINT('',(-3.81E0,-4.15E0,0.E0));
#2632=DIRECTION('',(0.E0,-1.E0,0.E0));
#2633=DIRECTION('',(1.E0,0.E0,0.E0));
#2634=AXIS2_PLACEMENT_3D('',#2631,#2632,#2633);
#2635=PLANE('',#2634);
#2636=ORIENTED_EDGE('',*,*,#2612,.F.);
#2638=ORIENTED_EDGE('',*,*,#2637,.F.);
#2640=ORIENTED_EDGE('',*,*,#2639,.F.);
#2642=ORIENTED_EDGE('',*,*,#2641,.F.);
#2644=ORIENTED_EDGE('',*,*,#2643,.F.);
#2646=ORIENTED_EDGE('',*,*,#2645,.F.);
#2648=ORIENTED_EDGE('',*,*,#2647,.F.);
#2650=ORIENTED_EDGE('',*,*,#2649,.F.);
#2652=ORIENTED_EDGE('',*,*,#2651,.F.);
#2654=ORIENTED_EDGE('',*,*,#2653,.F.);
#2656=ORIENTED_EDGE('',*,*,#2655,.F.);
#2657=ORIENTED_EDGE('',*,*,#2623,.F.);
#2658=EDGE_LOOP('',(#2636,#2638,#2640,#2642,#2644,#2646,#2648,#2650,#2652,#2654,
#2656,#2657));
#2659=FACE_OUTER_BOUND('',#2658,.F.);
#2661=CARTESIAN_POINT('',(3.255E0,-4.25E0,-7.E-1));
#2662=DIRECTION('',(0.E0,0.E0,1.E0));
#2663=DIRECTION('',(-1.E0,0.E0,0.E0));
#2664=AXIS2_PLACEMENT_3D('',#2661,#2662,#2663);
#2665=PLANE('',#2664);
#2666=ORIENTED_EDGE('',*,*,#2409,.F.);
#2668=ORIENTED_EDGE('',*,*,#2667,.T.);
#2669=ORIENTED_EDGE('',*,*,#2637,.T.);
#2670=ORIENTED_EDGE('',*,*,#2610,.F.);
#2671=EDGE_LOOP('',(#2666,#2668,#2669,#2670));
#2672=FACE_OUTER_BOUND('',#2671,.F.);
#2674=CARTESIAN_POINT('',(3.255E0,-4.25E0,-1.25E0));
#2675=DIRECTION('',(1.E0,0.E0,0.E0));
#2676=DIRECTION('',(0.E0,0.E0,1.E0));
#2677=AXIS2_PLACEMENT_3D('',#2674,#2675,#2676);
#2678=PLANE('',#2677);
#2680=ORIENTED_EDGE('',*,*,#2679,.T.);
#2681=ORIENTED_EDGE('',*,*,#2639,.T.);
#2682=ORIENTED_EDGE('',*,*,#2667,.F.);
#2683=ORIENTED_EDGE('',*,*,#2407,.F.);
#2684=EDGE_LOOP('',(#2680,#2681,#2682,#2683));
#2685=FACE_OUTER_BOUND('',#2684,.F.);
#2687=CARTESIAN_POINT('',(2.705E0,-4.25E0,-1.25E0));
#2688=DIRECTION('',(0.E0,0.E0,-1.E0));
#2689=DIRECTION('',(1.E0,0.E0,0.E0));
#2690=AXIS2_PLACEMENT_3D('',#2687,#2688,#2689);
#2691=PLANE('',#2690);
#2693=ORIENTED_EDGE('',*,*,#2692,.T.);
#2694=ORIENTED_EDGE('',*,*,#2641,.T.);
#2695=ORIENTED_EDGE('',*,*,#2679,.F.);
#2696=ORIENTED_EDGE('',*,*,#2405,.F.);
#2697=EDGE_LOOP('',(#2693,#2694,#2695,#2696));
#2698=FACE_OUTER_BOUND('',#2697,.F.);
#2700=CARTESIAN_POINT('',(2.705E0,-4.25E0,-1.8E0));
#2701=DIRECTION('',(1.E0,0.E0,0.E0));
#2702=DIRECTION('',(0.E0,0.E0,1.E0));
#2703=AXIS2_PLACEMENT_3D('',#2700,#2701,#2702);
#2704=PLANE('',#2703);
#2706=ORIENTED_EDGE('',*,*,#2705,.T.);
#2707=ORIENTED_EDGE('',*,*,#2643,.T.);
#2708=ORIENTED_EDGE('',*,*,#2692,.F.);
#2709=ORIENTED_EDGE('',*,*,#2403,.F.);
#2710=EDGE_LOOP('',(#2706,#2707,#2708,#2709));
#2711=FACE_OUTER_BOUND('',#2710,.F.);
#2713=CARTESIAN_POINT('',(3.31E0,-4.25E0,-1.8E0));
#2714=DIRECTION('',(0.E0,0.E0,1.E0));
#2715=DIRECTION('',(-1.E0,0.E0,0.E0));
#2716=AXIS2_PLACEMENT_3D('',#2713,#2714,#2715);
#2717=PLANE('',#2716);
#2718=ORIENTED_EDGE('',*,*,#2705,.F.);
#2719=ORIENTED_EDGE('',*,*,#2401,.F.);
#2721=ORIENTED_EDGE('',*,*,#2720,.T.);
#2722=ORIENTED_EDGE('',*,*,#2645,.T.);
#2723=EDGE_LOOP('',(#2718,#2719,#2721,#2722));
#2724=FACE_OUTER_BOUND('',#2723,.F.);
#2726=CARTESIAN_POINT('',(3.31E0,-4.25E0,-5.9E0));
#2727=DIRECTION('',(1.E0,0.E0,0.E0));
#2728=DIRECTION('',(0.E0,0.E0,1.E0));
#2729=AXIS2_PLACEMENT_3D('',#2726,#2727,#2728);
#2730=PLANE('',#2729);
#2731=ORIENTED_EDGE('',*,*,#2399,.F.);
#2733=ORIENTED_EDGE('',*,*,#2732,.T.);
#2734=ORIENTED_EDGE('',*,*,#2647,.T.);
#2735=ORIENTED_EDGE('',*,*,#2720,.F.);
#2736=EDGE_LOOP('',(#2731,#2733,#2734,#2735));
#2737=FACE_OUTER_BOUND('',#2736,.F.);
#2739=CARTESIAN_POINT('',(5.55E-1,-4.25E0,-5.9E0));
#2740=DIRECTION('',(0.E0,0.E0,-1.E0));
#2741=DIRECTION('',(1.E0,0.E0,0.E0));
#2742=AXIS2_PLACEMENT_3D('',#2739,#2740,#2741);
#2743=PLANE('',#2742);
#2744=ORIENTED_EDGE('',*,*,#2397,.F.);
#2746=ORIENTED_EDGE('',*,*,#2745,.T.);
#2747=ORIENTED_EDGE('',*,*,#2649,.T.);
#2748=ORIENTED_EDGE('',*,*,#2732,.F.);
#2749=EDGE_LOOP('',(#2744,#2746,#2747,#2748));
#2750=FACE_OUTER_BOUND('',#2749,.F.);
#2752=CARTESIAN_POINT('',(5.55E-1,-4.25E0,-1.8E0));
#2753=DIRECTION('',(-1.E0,0.E0,0.E0));
#2754=DIRECTION('',(0.E0,0.E0,-1.E0));
#2755=AXIS2_PLACEMENT_3D('',#2752,#2753,#2754);
#2756=PLANE('',#2755);
#2757=ORIENTED_EDGE('',*,*,#2395,.F.);
#2759=ORIENTED_EDGE('',*,*,#2758,.T.);
#2760=ORIENTED_EDGE('',*,*,#2651,.T.);
#2761=ORIENTED_EDGE('',*,*,#2745,.F.);
#2762=EDGE_LOOP('',(#2757,#2759,#2760,#2761));
#2763=FACE_OUTER_BOUND('',#2762,.F.);
#2765=CARTESIAN_POINT('',(1.105E0,-4.25E0,-1.8E0));
#2766=DIRECTION('',(0.E0,0.E0,1.E0));
#2767=DIRECTION('',(-1.E0,0.E0,0.E0));
#2768=AXIS2_PLACEMENT_3D('',#2765,#2766,#2767);
#2769=PLANE('',#2768);
#2770=ORIENTED_EDGE('',*,*,#2393,.F.);
#2772=ORIENTED_EDGE('',*,*,#2771,.T.);
#2773=ORIENTED_EDGE('',*,*,#2653,.T.);
#2774=ORIENTED_EDGE('',*,*,#2758,.F.);
#2775=EDGE_LOOP('',(#2770,#2772,#2773,#2774));
#2776=FACE_OUTER_BOUND('',#2775,.F.);
#2778=CARTESIAN_POINT('',(1.105E0,-4.25E0,-1.25E0));
#2779=DIRECTION('',(-1.E0,0.E0,0.E0));
#2780=DIRECTION('',(0.E0,0.E0,-1.E0));
#2781=AXIS2_PLACEMENT_3D('',#2778,#2779,#2780);
#2782=PLANE('',#2781);
#2783=ORIENTED_EDGE('',*,*,#2625,.T.);
#2784=ORIENTED_EDGE('',*,*,#2655,.T.);
#2785=ORIENTED_EDGE('',*,*,#2771,.F.);
#2786=ORIENTED_EDGE('',*,*,#2391,.F.);
#2787=EDGE_LOOP('',(#2783,#2784,#2785,#2786));
#2788=FACE_OUTER_BOUND('',#2787,.F.);
#2790=CARTESIAN_POINT('',(3.355E0,4.25E0,0.E0));
#2791=DIRECTION('',(1.E0,0.E0,0.E0));
#2792=DIRECTION('',(0.E0,0.E0,-1.E0));
#2793=AXIS2_PLACEMENT_3D('',#2790,#2791,#2792);
#2794=PLANE('',#2793);
#2795=ORIENTED_EDGE('',*,*,#1797,.T.);
#2797=ORIENTED_EDGE('',*,*,#2796,.F.);
#2798=ORIENTED_EDGE('',*,*,#1923,.F.);
#2799=ORIENTED_EDGE('',*,*,#1760,.T.);
#2800=EDGE_LOOP('',(#2795,#2797,#2798,#2799));
#2801=FACE_OUTER_BOUND('',#2800,.F.);
#2803=CARTESIAN_POINT('',(3.355E0,4.25E0,-2.5E-1));
#2804=DIRECTION('',(0.E0,0.E0,-1.E0));
#2805=DIRECTION('',(-1.E0,0.E0,0.E0));
#2806=AXIS2_PLACEMENT_3D('',#2803,#2804,#2805);
#2807=PLANE('',#2806);
#2808=ORIENTED_EDGE('',*,*,#2796,.T.);
#2809=ORIENTED_EDGE('',*,*,#1795,.T.);
#2811=ORIENTED_EDGE('',*,*,#2810,.F.);
#2812=ORIENTED_EDGE('',*,*,#1925,.F.);
#2813=EDGE_LOOP('',(#2808,#2809,#2811,#2812));
#2814=FACE_OUTER_BOUND('',#2813,.F.);
#2816=CARTESIAN_POINT('',(2.405E0,4.25E0,-2.5E-1));
#2817=DIRECTION('',(1.E0,0.E0,0.E0));
#2818=DIRECTION('',(0.E0,0.E0,-1.E0));
#2819=AXIS2_PLACEMENT_3D('',#2816,#2817,#2818);
#2820=PLANE('',#2819);
#2821=ORIENTED_EDGE('',*,*,#2810,.T.);
#2822=ORIENTED_EDGE('',*,*,#1793,.T.);
#2823=ORIENTED_EDGE('',*,*,#1879,.F.);
#2824=ORIENTED_EDGE('',*,*,#1927,.F.);
#2825=EDGE_LOOP('',(#2821,#2822,#2823,#2824));
#2826=FACE_OUTER_BOUND('',#2825,.F.);
#2828=CARTESIAN_POINT('',(-3.405E0,2.5E-1,-7.3E0));
#2829=DIRECTION('',(0.E0,1.E0,0.E0));
#2830=DIRECTION('',(1.E0,0.E0,0.E0));
#2831=AXIS2_PLACEMENT_3D('',#2828,#2829,#2830);
#2832=PLANE('',#2831);
#2833=ORIENTED_EDGE('',*,*,#1718,.F.);
#2834=ORIENTED_EDGE('',*,*,#1539,.F.);
#2836=ORIENTED_EDGE('',*,*,#2835,.T.);
#2837=ORIENTED_EDGE('',*,*,#1691,.F.);
#2838=EDGE_LOOP('',(#2833,#2834,#2836,#2837));
#2839=FACE_OUTER_BOUND('',#2838,.F.);
#2841=CARTESIAN_POINT('',(-3.81E0,2.5E-1,-6.923E0));
#2842=DIRECTION('',(0.E0,-5.E-1,-8.660254037844E-1));
#2843=DIRECTION('',(0.E0,-8.660254037844E-1,5.E-1));
#2844=AXIS2_PLACEMENT_3D('',#2841,#2842,#2843);
#2845=PLANE('',#2844);
#2846=ORIENTED_EDGE('',*,*,#1661,.F.);
#2847=ORIENTED_EDGE('',*,*,#1679,.T.);
#2848=ORIENTED_EDGE('',*,*,#1693,.F.);
#2849=ORIENTED_EDGE('',*,*,#2835,.F.);
#2850=ORIENTED_EDGE('',*,*,#1537,.F.);
#2852=ORIENTED_EDGE('',*,*,#2851,.T.);
#2853=EDGE_LOOP('',(#2846,#2847,#2848,#2849,#2850,#2852));
#2854=FACE_OUTER_BOUND('',#2853,.F.);
#2856=CARTESIAN_POINT('',(-3.81E0,2.5E-1,-6.923E0));
#2857=DIRECTION('',(0.E0,-5.E-1,-8.660254037844E-1));
#2858=DIRECTION('',(0.E0,-8.660254037844E-1,5.E-1));
#2859=AXIS2_PLACEMENT_3D('',#2856,#2857,#2858);
#2860=PLANE('',#2859);
#2862=ORIENTED_EDGE('',*,*,#2861,.F.);
#2864=ORIENTED_EDGE('',*,*,#2863,.T.);
#2866=ORIENTED_EDGE('',*,*,#2865,.F.);
#2868=ORIENTED_EDGE('',*,*,#2867,.T.);
#2870=ORIENTED_EDGE('',*,*,#2869,.F.);
#2872=ORIENTED_EDGE('',*,*,#2871,.F.);
#2873=EDGE_LOOP('',(#2862,#2864,#2866,#2868,#2870,#2872));
#2874=FACE_OUTER_BOUND('',#2873,.F.);
#2876=CARTESIAN_POINT('',(-3.263772476840E0,-4.25E0,-5.969962089907E0));
#2877=DIRECTION('',(0.E0,-1.E0,0.E0));
#2878=DIRECTION('',(-1.E0,0.E0,0.E0));
#2879=AXIS2_PLACEMENT_3D('',#2876,#2877,#2878);
#2880=CYLINDRICAL_SURFACE('',#2879,5.E-1);
#2882=ORIENTED_EDGE('',*,*,#2881,.F.);
#2883=ORIENTED_EDGE('',*,*,#1663,.F.);
#2884=ORIENTED_EDGE('',*,*,#2851,.F.);
#2885=ORIENTED_EDGE('',*,*,#1535,.F.);
#2886=EDGE_LOOP('',(#2882,#2883,#2884,#2885));
#2887=FACE_OUTER_BOUND('',#2886,.F.);
#2889=CARTESIAN_POINT('',(-2.605439939462E0,-2.710248983333E0,
-6.208533389060E0));
#2890=CARTESIAN_POINT('',(-2.608223387857E0,-2.722525448016E0,
-6.215410430856E0));
#2891=CARTESIAN_POINT('',(-2.620126256203E0,-2.772289704754E0,
-6.243444935254E0));
#2892=CARTESIAN_POINT('',(-2.642805952651E0,-2.849635807737E0,
-6.288047936273E0));
#2893=CARTESIAN_POINT('',(-2.667709620771E0,-2.914330813793E0,
-6.326564642817E0));
#2894=CARTESIAN_POINT('',(-2.679624016066E0,-2.941726204839E0,
-6.343114972302E0));
#2895=CARTESIAN_POINT('',(-2.726593784398E0,-2.660850976750E0,
-6.189189217550E0));
#2896=CARTESIAN_POINT('',(-2.729062880099E0,-2.672868976083E0,
-6.194757815001E0));
#2897=CARTESIAN_POINT('',(-2.739573681950E0,-2.721546730189E0,
-6.217441491136E0));
#2898=CARTESIAN_POINT('',(-2.759290035488E0,-2.796940950176E0,
-6.253419794687E0));
#2899=CARTESIAN_POINT('',(-2.780549271010E0,-2.859622336273E0,
-6.284349278963E0));
#2900=CARTESIAN_POINT('',(-2.790645657316E0,-2.886081043130E0,
-6.297611276464E0));
#2901=CARTESIAN_POINT('',(-2.830879055667E0,-2.587917479468E0,
-6.225215841050E0));
#2902=CARTESIAN_POINT('',(-2.833502001397E0,-2.599553868628E0,
-6.229566261139E0));
#2903=CARTESIAN_POINT('',(-2.844527048492E0,-2.646627460091E0,
-6.247233174150E0));
#2904=CARTESIAN_POINT('',(-2.864288801411E0,-2.719139829920E0,
-6.274894637729E0));
#2905=CARTESIAN_POINT('',(-2.884424197769E0,-2.778848214552E0,
-6.298223158452E0));
#2906=CARTESIAN_POINT('',(-2.893759176209E0,-2.803923957633E0,
-6.308134439319E0));
#2907=CARTESIAN_POINT('',(-2.895019033280E0,-2.507727421132E0,
-6.308572031713E0));
#2908=CARTESIAN_POINT('',(-2.898229692072E0,-2.518944231592E0,
-6.312066441501E0));
#2909=CARTESIAN_POINT('',(-2.911560515391E0,-2.564254053310E0,
-6.326170409961E0));
#2910=CARTESIAN_POINT('',(-2.934366276734E0,-2.633597841609E0,
-6.347679229479E0));
#2911=CARTESIAN_POINT('',(-2.956149270928E0,-2.690037424254E0,
-6.365089598463E0));
#2912=CARTESIAN_POINT('',(-2.965949390667E0,-2.713592604767E0,
-6.372335665949E0));
#2913=(BOUNDED_SURFACE()B_SPLINE_SURFACE(3,3,((#2889,#2890,#2891,#2892,#2893,
#2894),(#2895,#2896,#2897,#2898,#2899,#2900),(#2901,#2902,#2903,#2904,#2905,
#2906),(#2907,#2908,#2909,#2910,#2911,#2912)),.UNSPECIFIED.,.F.,.F.,.F.)B_SPLINE_SURFACE_WITH_KNOTS((4,4),(4,1,1,4),(0.E0,1.E0),(2.013046744110E-1,
3.102067485366E-1,6.430015729318E-1,8.898296662097E-1),.UNSPECIFIED.)GEOMETRIC_REPRESENTATION_ITEM()RATIONAL_B_SPLINE_SURFACE(((1.059098314168E0,
1.059098314168E0,1.059098314168E0,1.059098314168E0,1.059098314168E0,
1.059098314168E0),(9.803005619439E-1,9.803005619439E-1,9.803005619439E-1,
9.803005619439E-1,9.803005619439E-1,9.803005619439E-1),(9.803005619439E-1,
9.803005619439E-1,9.803005619439E-1,9.803005619439E-1,9.803005619439E-1,
9.803005619439E-1),(1.059098314168E0,1.059098314168E0,1.059098314168E0,
1.059098314168E0,1.059098314168E0,1.059098314168E0)))REPRESENTATION_ITEM('')SURFACE());
#2914=ORIENTED_EDGE('',*,*,#1593,.F.);
#2915=ORIENTED_EDGE('',*,*,#1622,.F.);
#2916=ORIENTED_EDGE('',*,*,#1665,.T.);
#2917=ORIENTED_EDGE('',*,*,#2881,.T.);
#2918=EDGE_LOOP('',(#2914,#2915,#2916,#2917));
#2919=FACE_OUTER_BOUND('',#2918,.F.);
#2921=CARTESIAN_POINT('',(1.605E0,-4.25E0,-7.3E0));
#2922=DIRECTION('',(0.E0,-1.E0,0.E0));
#2923=DIRECTION('',(-1.E0,0.E0,0.E0));
#2924=AXIS2_PLACEMENT_3D('',#2921,#2922,#2923);
#2925=CYLINDRICAL_SURFACE('',#2924,1.2E0);
#2926=ORIENTED_EDGE('',*,*,#1729,.T.);
#2928=ORIENTED_EDGE('',*,*,#2927,.F.);
#2929=ORIENTED_EDGE('',*,*,#1644,.F.);
#2931=ORIENTED_EDGE('',*,*,#2930,.T.);
#2932=ORIENTED_EDGE('',*,*,#2861,.T.);
#2934=ORIENTED_EDGE('',*,*,#2933,.T.);
#2935=EDGE_LOOP('',(#2926,#2928,#2929,#2931,#2932,#2934));
#2936=FACE_OUTER_BOUND('',#2935,.F.);
#2938=CARTESIAN_POINT('',(3.51E0,-3.75E0,-7.3E0));
#2939=DIRECTION('',(0.E0,-1.E0,0.E0));
#2940=DIRECTION('',(-1.E0,0.E0,0.E0));
#2941=AXIS2_PLACEMENT_3D('',#2938,#2939,#2940);
#2942=PLANE('',#2941);
#2944=ORIENTED_EDGE('',*,*,#2943,.F.);
#2945=ORIENTED_EDGE('',*,*,#1646,.T.);
#2946=ORIENTED_EDGE('',*,*,#2927,.T.);
#2947=ORIENTED_EDGE('',*,*,#1727,.F.);
#2949=ORIENTED_EDGE('',*,*,#2948,.T.);
#2950=EDGE_LOOP('',(#2944,#2945,#2946,#2947,#2949));
#2951=FACE_OUTER_BOUND('',#2950,.F.);
#2953=CARTESIAN_POINT('',(3.091132497634E0,-3.958202322808E0,
-6.928693173091E0));
#2954=CARTESIAN_POINT('',(3.089747358891E0,-3.896873248575E0,
-6.893284815573E0));
#2955=CARTESIAN_POINT('',(3.080787522535E0,-3.769161469297E0,
-6.819550385429E0));
#2956=CARTESIAN_POINT('',(3.048258351492E0,-3.582741069866E0,
-6.711920517635E0));
#2957=CARTESIAN_POINT('',(2.998447585804E0,-3.413923637492E0,
-6.614453727609E0));
#2958=CARTESIAN_POINT('',(2.955591245423E0,-3.313350887680E0,
-6.556388023433E0));
#2959=CARTESIAN_POINT('',(2.934064697833E0,-3.270392407390E0,
-6.531585933273E0));
#2960=CARTESIAN_POINT('',(3.334874296028E0,-3.959673023893E0,
-6.916598348989E0));
#2961=CARTESIAN_POINT('',(3.333359309230E0,-3.892542850752E0,
-6.877840725455E0));
#2962=CARTESIAN_POINT('',(3.323555517152E0,-3.752663140520E0,
-6.797081137098E0));
#2963=CARTESIAN_POINT('',(3.287739131630E0,-3.547016727486E0,
-6.678351125175E0));
#2964=CARTESIAN_POINT('',(3.232037008336E0,-3.357818628067E0,
-6.569117551546E0));
#2965=CARTESIAN_POINT('',(3.182903946081E0,-3.242230017240E0,
-6.502382435969E0));
#2966=CARTESIAN_POINT('',(3.157708351722E0,-3.191958704176E0,
-6.473358279840E0));
#2967=CARTESIAN_POINT('',(3.510835962647E0,-3.872154403267E0,
-7.061292535013E0));
#2968=CARTESIAN_POINT('',(3.509227236160E0,-3.800836310620E0,
-7.020117015025E0));
#2969=CARTESIAN_POINT('',(3.498814176997E0,-3.652172348265E0,
-6.934285836341E0));
#2970=CARTESIAN_POINT('',(3.460624691160E0,-3.432646324027E0,
-6.807542427153E0));
#2971=CARTESIAN_POINT('',(3.400669488954E0,-3.228735047945E0,
-6.689814197016E0));
#2972=CARTESIAN_POINT('',(3.347005146265E0,-3.102306212144E0,
-6.616820474633E0));
#2973=CARTESIAN_POINT('',(3.319160799872E0,-3.046755631220E0,
-6.584748331783E0));
#2974=CARTESIAN_POINT('',(3.509419419547E0,-3.750157609804E0,
-7.272652666394E0));
#2975=CARTESIAN_POINT('',(3.507811447692E0,-3.678873231139E0,
-7.231496611182E0));
#2976=CARTESIAN_POINT('',(3.497403293308E0,-3.530279984594E0,
-7.145706260290E0));
#2977=CARTESIAN_POINT('',(3.459232911626E0,-3.310865695302E0,
-7.019027361303E0));
#2978=CARTESIAN_POINT('',(3.399311947954E0,-3.107072864615E0,
-6.901367515647E0));
#2979=CARTESIAN_POINT('',(3.345684083404E0,-2.980731295809E0,
-6.828424176887E0));
#2980=CARTESIAN_POINT('',(3.317861060242E0,-2.925223214541E0,
-6.796376571225E0));
#2981=(BOUNDED_SURFACE()B_SPLINE_SURFACE(3,3,((#2953,#2954,#2955,#2956,#2957,
#2958,#2959),(#2960,#2961,#2962,#2963,#2964,#2965,#2966),(#2967,#2968,#2969,
#2970,#2971,#2972,#2973),(#2974,#2975,#2976,#2977,#2978,#2979,#2980)),
.UNSPECIFIED.,.F.,.F.,.F.)B_SPLINE_SURFACE_WITH_KNOTS((4,4),(4,1,1,1,4),(0.E0,
1.E0),(3.554402273554E-2,2.781622021025E-1,5.411120980934E-1,7.833072217368E-1,
9.747229927662E-1),.UNSPECIFIED.)GEOMETRIC_REPRESENTATION_ITEM()RATIONAL_B_SPLINE_SURFACE(((1.184431364347E0,1.184431364347E0,1.184431364347E0,1.184431364347E0,
1.184431364347E0,1.184431364347E0,1.184431364347E0),(9.385228785511E-1,
9.385228785511E-1,9.385228785511E-1,9.385228785511E-1,9.385228785511E-1,
9.385228785511E-1,9.385228785511E-1),(9.385228785511E-1,9.385228785511E-1,
9.385228785511E-1,9.385228785511E-1,9.385228785511E-1,9.385228785511E-1,
9.385228785511E-1),(1.184431364347E0,1.184431364347E0,1.184431364347E0,
1.184431364347E0,1.184431364347E0,1.184431364347E0,1.184431364347E0)))REPRESENTATION_ITEM('')SURFACE());
#2982=ORIENTED_EDGE('',*,*,#2943,.T.);
#2984=ORIENTED_EDGE('',*,*,#2983,.T.);
#2986=ORIENTED_EDGE('',*,*,#2985,.F.);
#2987=ORIENTED_EDGE('',*,*,#1648,.F.);
#2988=EDGE_LOOP('',(#2982,#2984,#2986,#2987));
#2989=FACE_OUTER_BOUND('',#2988,.F.);
#2991=CARTESIAN_POINT('',(2.46E0,-4.25E0,-7.3E0));
#2992=DIRECTION('',(0.E0,-1.E0,0.E0));
#2993=DIRECTION('',(-1.E0,0.E0,0.E0));
#2994=AXIS2_PLACEMENT_3D('',#2991,#2992,#2993);
#2995=CYLINDRICAL_SURFACE('',#2994,1.05E0);
#2996=ORIENTED_EDGE('',*,*,#2983,.F.);
#2997=ORIENTED_EDGE('',*,*,#2948,.F.);
#2998=ORIENTED_EDGE('',*,*,#1725,.F.);
#3000=ORIENTED_EDGE('',*,*,#2999,.T.);
#3001=ORIENTED_EDGE('',*,*,#2869,.T.);
#3003=ORIENTED_EDGE('',*,*,#3002,.F.);
#3004=EDGE_LOOP('',(#2996,#2997,#2998,#3000,#3001,#3003));
#3005=FACE_OUTER_BOUND('',#3004,.F.);
#3007=CARTESIAN_POINT('',(4.05E-1,2.5E-1,-7.3E0));
#3008=DIRECTION('',(0.E0,1.E0,0.E0));
#3009=DIRECTION('',(1.E0,0.E0,0.E0));
#3010=AXIS2_PLACEMENT_3D('',#3007,#3008,#3009);
#3011=PLANE('',#3010);
#3012=ORIENTED_EDGE('',*,*,#2933,.F.);
#3013=ORIENTED_EDGE('',*,*,#2871,.T.);
#3014=ORIENTED_EDGE('',*,*,#2999,.F.);
#3015=ORIENTED_EDGE('',*,*,#1723,.F.);
#3016=EDGE_LOOP('',(#3012,#3013,#3014,#3015));
#3017=FACE_OUTER_BOUND('',#3016,.F.);
#3019=CARTESIAN_POINT('',(4.019967678420E0,-4.25E0,-5.969962089907E0));
#3020=DIRECTION('',(0.E0,-1.E0,0.E0));
#3021=DIRECTION('',(-1.E0,0.E0,0.E0));
#3022=AXIS2_PLACEMENT_3D('',#3019,#3020,#3021);
#3023=CYLINDRICAL_SURFACE('',#3022,1.E0);
#3025=ORIENTED_EDGE('',*,*,#3024,.F.);
#3026=ORIENTED_EDGE('',*,*,#3002,.T.);
#3027=ORIENTED_EDGE('',*,*,#2867,.F.);
#3029=ORIENTED_EDGE('',*,*,#3028,.T.);
#3030=EDGE_LOOP('',(#3025,#3026,#3027,#3029));
#3031=FACE_OUTER_BOUND('',#3030,.F.);
#3033=CARTESIAN_POINT('',(2.880434195556E0,-3.304292483455E0,
-6.561238967772E0));
#3034=CARTESIAN_POINT('',(2.869166193888E0,-3.270410534073E0,
-6.540326039934E0));
#3035=CARTESIAN_POINT('',(2.843934594080E0,-3.188362534745E0,
-6.490027067626E0));
#3036=CARTESIAN_POINT('',(2.811400565060E0,-3.060193710503E0,
-6.412677280818E0));
#3037=CARTESIAN_POINT('',(2.783756894843E0,-2.922438012730E0,
-6.330956634248E0));
#3038=CARTESIAN_POINT('',(2.763430820997E0,-2.792007849014E0,
-6.254779747189E0));
#3039=CARTESIAN_POINT('',(2.748995161783E0,-2.668926927103E0,
-6.183914064946E0));
#3040=CARTESIAN_POINT('',(2.740460540300E0,-2.566884871980E0,
-6.125926782155E0));
#3041=CARTESIAN_POINT('',(2.736837585234E0,-2.505876325910E0,
-6.091596998556E0));
#3042=CARTESIAN_POINT('',(2.735699725036E0,-2.483449688315E0,
-6.079022620209E0));
#3043=CARTESIAN_POINT('',(3.037895158863E0,-3.264300382644E0,
-6.495065587676E0));
#3044=CARTESIAN_POINT('',(3.027957698892E0,-3.230794674390E0,
-6.477091131015E0));
#3045=CARTESIAN_POINT('',(3.005660490319E0,-3.149596240016E0,
-6.433838191473E0));
#3046=CARTESIAN_POINT('',(2.976754329056E0,-3.022554429498E0,
-6.367249471116E0));
#3047=CARTESIAN_POINT('',(2.952001561984E0,-2.885809151734E0,
-6.296814894377E0));
#3048=CARTESIAN_POINT('',(2.933613658611E0,-2.756183907512E0,
-6.231089434010E0));
#3049=CARTESIAN_POINT('',(2.920362744134E0,-2.633745792722E0,
-6.169888572301E0));
#3050=CARTESIAN_POINT('',(2.912346746522E0,-2.532156166639E0,
-6.119766617320E0));
#3051=CARTESIAN_POINT('',(2.908834999415E0,-2.471384854185E0,
-6.090074246037E0));
#3052=CARTESIAN_POINT('',(2.907712020714E0,-2.449041165085E0,
-6.079195931673E0));
#3053=CARTESIAN_POINT('',(3.186251002073E0,-3.174795512163E0,
-6.522482821310E0));
#3054=CARTESIAN_POINT('',(3.176258068021E0,-3.142131855535E0,
-6.507558527339E0));
#3055=CARTESIAN_POINT('',(3.153534183462E0,-3.062834801674E0,
-6.471497421564E0));
#3056=CARTESIAN_POINT('',(3.123030612806E0,-2.938315319700E0,
-6.415468650089E0));
#3057=CARTESIAN_POINT('',(3.095632253087E0,-2.803831426311E0,
-6.355632239765E0));
#3058=CARTESIAN_POINT('',(3.074038766594E0,-2.676007643220E0,
-6.299322007408E0));
#3059=CARTESIAN_POINT('',(3.057222191573E0,-2.555008171734E0,
-6.246490615625E0));
#3060=CARTESIAN_POINT('',(3.045875844068E0,-2.454431110678E0,
-6.202927359299E0));
#3061=CARTESIAN_POINT('',(3.040217959488E0,-2.394190742179E0,
-6.176989892262E0));
#3062=CARTESIAN_POINT('',(3.038286188846E0,-2.372032697098E0,
-6.167469881804E0));
#3063=CARTESIAN_POINT('',(3.271054185364E0,-3.068626729829E0,
-6.633428369221E0));
#3064=CARTESIAN_POINT('',(3.259640120793E0,-3.036961897010E0,
-6.620546500311E0));
#3065=CARTESIAN_POINT('',(3.233285085835E0,-2.959920220458E0,
-6.589183580481E0));
#3066=CARTESIAN_POINT('',(3.196545088061E0,-2.838392671198E0,
-6.539638071789E0));
#3067=CARTESIAN_POINT('',(3.161935589264E0,-2.706591184078E0,
-6.485822329857E0));
#3068=CARTESIAN_POINT('',(3.133169235490E0,-2.580904256037E0,
-6.434435678150E0));
#3069=CARTESIAN_POINT('',(3.109345214783E0,-2.461611272781E0,
-6.385606756888E0));
#3070=CARTESIAN_POINT('',(3.092041803254E0,-2.362235294922E0,
-6.344888485862E0));
#3071=CARTESIAN_POINT('',(3.082768081898E0,-2.302624720899E0,
-6.320445341218E0));
#3072=CARTESIAN_POINT('',(3.079500677672E0,-2.280686882823E0,
-6.311447368399E0));
#3073=(BOUNDED_SURFACE()B_SPLINE_SURFACE(3,3,((#3033,#3034,#3035,#3036,#3037,
#3038,#3039,#3040,#3041,#3042),(#3043,#3044,#3045,#3046,#3047,#3048,#3049,#3050,
#3051,#3052),(#3053,#3054,#3055,#3056,#3057,#3058,#3059,#3060,#3061,#3062),(
#3063,#3064,#3065,#3066,#3067,#3068,#3069,#3070,#3071,#3072)),.UNSPECIFIED.,.F.,
.F.,.F.)B_SPLINE_SURFACE_WITH_KNOTS((4,4),(4,1,1,1,1,1,1,4),(0.E0,1.E0),(
5.561258363261E-2,1.684262136967E-1,3.280220660422E-1,4.790012632882E-1,
6.215603490039E-1,7.558518660844E-1,8.819791485475E-1,9.552838184257E-1),
.UNSPECIFIED.)GEOMETRIC_REPRESENTATION_ITEM()RATIONAL_B_SPLINE_SURFACE(((
1.101020373245E0,1.101020373245E0,1.101020373245E0,1.101020373245E0,
1.101020373245E0,1.101020373245E0,1.101020373245E0,1.101020373245E0,
1.101020373245E0,1.101020373245E0),(9.663265422516E-1,9.663265422516E-1,
9.663265422516E-1,9.663265422516E-1,9.663265422516E-1,9.663265422516E-1,
9.663265422516E-1,9.663265422516E-1,9.663265422516E-1,9.663265422516E-1),(
9.663265422516E-1,9.663265422516E-1,9.663265422516E-1,9.663265422516E-1,
9.663265422516E-1,9.663265422516E-1,9.663265422516E-1,9.663265422516E-1,
9.663265422516E-1,9.663265422516E-1),(1.101020373245E0,1.101020373245E0,
1.101020373245E0,1.101020373245E0,1.101020373245E0,1.101020373245E0,
1.101020373245E0,1.101020373245E0,1.101020373245E0,1.101020373245E0)))REPRESENTATION_ITEM('')SURFACE());
#3075=ORIENTED_EDGE('',*,*,#3074,.T.);
#3076=ORIENTED_EDGE('',*,*,#1638,.F.);
#3077=ORIENTED_EDGE('',*,*,#2985,.T.);
#3078=ORIENTED_EDGE('',*,*,#3024,.T.);
#3079=EDGE_LOOP('',(#3075,#3076,#3077,#3078));
#3080=FACE_OUTER_BOUND('',#3079,.F.);
#3082=CARTESIAN_POINT('',(-3.81E0,0.E0,-6.3E0));
#3083=DIRECTION('',(0.E0,0.E0,-1.E0));
#3084=DIRECTION('',(-1.E0,0.E0,0.E0));
#3085=AXIS2_PLACEMENT_3D('',#3082,#3083,#3084);
#3086=PLANE('',#3085);
#3087=ORIENTED_EDGE('',*,*,#3074,.F.);
#3088=ORIENTED_EDGE('',*,*,#3028,.F.);
#3089=ORIENTED_EDGE('',*,*,#2865,.T.);
#3091=ORIENTED_EDGE('',*,*,#3090,.T.);
#3092=ORIENTED_EDGE('',*,*,#1640,.F.);
#3093=EDGE_LOOP('',(#3087,#3088,#3089,#3091,#3092));
#3094=FACE_OUTER_BOUND('',#3093,.F.);
#3096=CARTESIAN_POINT('',(5.462275231598E-1,-4.25E0,-5.969962089907E0));
#3097=DIRECTION('',(0.E0,-1.E0,0.E0));
#3098=DIRECTION('',(-1.E0,0.E0,0.E0));
#3099=AXIS2_PLACEMENT_3D('',#3096,#3097,#3098);
#3100=CYLINDRICAL_SURFACE('',#3099,5.E-1);
#3101=ORIENTED_EDGE('',*,*,#3090,.F.);
#3102=ORIENTED_EDGE('',*,*,#2863,.F.);
#3103=ORIENTED_EDGE('',*,*,#2930,.F.);
#3104=ORIENTED_EDGE('',*,*,#1642,.T.);
#3105=EDGE_LOOP('',(#3101,#3102,#3103,#3104));
#3106=FACE_OUTER_BOUND('',#3105,.F.);
#3108=CLOSED_SHELL('',(#1547,#1598,#1614,#1632,#1652,#1669,#1683,#1700,#1733,
#1752,#1783,#1810,#1825,#1840,#1853,#1866,#1885,#1898,#1944,#1967,#1980,#1993,
#2007,#2021,#2034,#2050,#2073,#2086,#2099,#2113,#2127,#2140,#2156,#2170,#2196,
#2211,#2225,#2239,#2258,#2270,#2282,#2295,#2307,#2321,#2334,#2349,#2413,#2428,
#2442,#2472,#2485,#2498,#2511,#2524,#2537,#2550,#2563,#2576,#2589,#2601,#2616,
#2630,#2660,#2673,#2686,#2699,#2712,#2725,#2738,#2751,#2764,#2777,#2789,#2802,
#2815,#2827,#2840,#2855,#2875,#2888,#2920,#2937,#2952,#2990,#3006,#3018,#3032,
#3081,#3095,#3107));
#3109=MANIFOLD_SOLID_BREP('',#3108);
#3110=DIRECTION('',(0.E0,-1.E0,0.E0));
#3111=VECTOR('',#3110,2.6E0);
#3112=CARTESIAN_POINT('',(-1.505E0,-4.25E0,-4.1E0));
#3113=LINE('',#3112,#3111);
#3114=DIRECTION('',(0.E0,0.E0,1.E0));
#3115=VECTOR('',#3114,5.E-1);
#3116=CARTESIAN_POINT('',(-1.505E0,-6.85E0,-4.1E0));
#3117=LINE('',#3116,#3115);
#3118=DIRECTION('',(0.E0,1.E0,0.E0));
#3119=VECTOR('',#3118,2.6E0);
#3120=CARTESIAN_POINT('',(-1.505E0,-6.85E0,-3.6E0));
#3121=LINE('',#3120,#3119);
#3122=DIRECTION('',(0.E0,0.E0,-1.E0));
#3123=VECTOR('',#3122,5.E-1);
#3124=CARTESIAN_POINT('',(-1.505E0,-4.25E0,-3.6E0));
#3125=LINE('',#3124,#3123);
#3126=DIRECTION('',(-1.E0,0.E0,0.E0));
#3127=VECTOR('',#3126,8.E-1);
#3128=CARTESIAN_POINT('',(-1.505E0,-4.25E0,-4.1E0));
#3129=LINE('',#3128,#3127);
#3130=DIRECTION('',(-1.E0,0.E0,0.E0));
#3131=VECTOR('',#3130,8.E-1);
#3132=CARTESIAN_POINT('',(-1.505E0,-4.25E0,-3.6E0));
#3133=LINE('',#3132,#3131);
#3134=DIRECTION('',(-1.E0,0.E0,0.E0));
#3135=VECTOR('',#3134,8.E-1);
#3136=CARTESIAN_POINT('',(-1.505E0,-6.85E0,-3.6E0));
#3137=LINE('',#3136,#3135);
#3138=DIRECTION('',(-1.E0,0.E0,0.E0));
#3139=VECTOR('',#3138,8.E-1);
#3140=CARTESIAN_POINT('',(-1.505E0,-6.85E0,-4.1E0));
#3141=LINE('',#3140,#3139);
#3142=DIRECTION('',(0.E0,-1.E0,0.E0));
#3143=VECTOR('',#3142,2.6E0);
#3144=CARTESIAN_POINT('',(-2.305E0,-4.25E0,-4.1E0));
#3145=LINE('',#3144,#3143);
#3146=DIRECTION('',(0.E0,0.E0,-1.E0));
#3147=VECTOR('',#3146,5.E-1);
#3148=CARTESIAN_POINT('',(-2.305E0,-4.25E0,-3.6E0));
#3149=LINE('',#3148,#3147);
#3150=DIRECTION('',(0.E0,1.E0,0.E0));
#3151=VECTOR('',#3150,2.6E0);
#3152=CARTESIAN_POINT('',(-2.305E0,-6.85E0,-3.6E0));
#3153=LINE('',#3152,#3151);
#3154=DIRECTION('',(0.E0,0.E0,1.E0));
#3155=VECTOR('',#3154,5.E-1);
#3156=CARTESIAN_POINT('',(-2.305E0,-6.85E0,-4.1E0));
#3157=LINE('',#3156,#3155);
#3158=CARTESIAN_POINT('',(-1.505E0,-4.25E0,-4.1E0));
#3159=CARTESIAN_POINT('',(-1.505E0,-6.85E0,-4.1E0));
#3160=VERTEX_POINT('',#3158);
#3161=VERTEX_POINT('',#3159);
#3162=CARTESIAN_POINT('',(-2.305E0,-4.25E0,-4.1E0));
#3163=CARTESIAN_POINT('',(-2.305E0,-6.85E0,-4.1E0));
#3164=VERTEX_POINT('',#3162);
#3165=VERTEX_POINT('',#3163);
#3166=CARTESIAN_POINT('',(-1.505E0,-6.85E0,-3.6E0));
#3167=VERTEX_POINT('',#3166);
#3168=CARTESIAN_POINT('',(-1.505E0,-4.25E0,-3.6E0));
#3169=VERTEX_POINT('',#3168);
#3170=CARTESIAN_POINT('',(-2.305E0,-6.85E0,-3.6E0));
#3171=VERTEX_POINT('',#3170);
#3172=CARTESIAN_POINT('',(-2.305E0,-4.25E0,-3.6E0));
#3173=VERTEX_POINT('',#3172);
#3174=CARTESIAN_POINT('',(-1.505E0,0.E0,-3.85E0));
#3175=DIRECTION('',(-1.E0,0.E0,0.E0));
#3176=DIRECTION('',(0.E0,0.E0,1.E0));
#3177=AXIS2_PLACEMENT_3D('',#3174,#3175,#3176);
#3178=PLANE('',#3177);
#3180=ORIENTED_EDGE('',*,*,#3179,.T.);
#3182=ORIENTED_EDGE('',*,*,#3181,.T.);
#3184=ORIENTED_EDGE('',*,*,#3183,.T.);
#3186=ORIENTED_EDGE('',*,*,#3185,.T.);
#3187=EDGE_LOOP('',(#3180,#3182,#3184,#3186));
#3188=FACE_OUTER_BOUND('',#3187,.F.);
#3190=CARTESIAN_POINT('',(-1.505E0,-4.25E0,-4.1E0));
#3191=DIRECTION('',(0.E0,0.E0,-1.E0));
#3192=DIRECTION('',(0.E0,-1.E0,0.E0));
#3193=AXIS2_PLACEMENT_3D('',#3190,#3191,#3192);
#3194=PLANE('',#3193);
#3195=ORIENTED_EDGE('',*,*,#3179,.F.);
#3197=ORIENTED_EDGE('',*,*,#3196,.T.);
#3199=ORIENTED_EDGE('',*,*,#3198,.T.);
#3201=ORIENTED_EDGE('',*,*,#3200,.F.);
#3202=EDGE_LOOP('',(#3195,#3197,#3199,#3201));
#3203=FACE_OUTER_BOUND('',#3202,.F.);
#3205=CARTESIAN_POINT('',(-1.505E0,-4.25E0,-3.6E0));
#3206=DIRECTION('',(0.E0,1.E0,0.E0));
#3207=DIRECTION('',(0.E0,0.E0,-1.E0));
#3208=AXIS2_PLACEMENT_3D('',#3205,#3206,#3207);
#3209=PLANE('',#3208);
#3210=ORIENTED_EDGE('',*,*,#3185,.F.);
#3212=ORIENTED_EDGE('',*,*,#3211,.T.);
#3214=ORIENTED_EDGE('',*,*,#3213,.T.);
#3215=ORIENTED_EDGE('',*,*,#3196,.F.);
#3216=EDGE_LOOP('',(#3210,#3212,#3214,#3215));
#3217=FACE_OUTER_BOUND('',#3216,.F.);
#3219=CARTESIAN_POINT('',(-1.505E0,-6.85E0,-3.6E0));
#3220=DIRECTION('',(0.E0,0.E0,1.E0));
#3221=DIRECTION('',(0.E0,1.E0,0.E0));
#3222=AXIS2_PLACEMENT_3D('',#3219,#3220,#3221);
#3223=PLANE('',#3222);
#3224=ORIENTED_EDGE('',*,*,#3183,.F.);
#3226=ORIENTED_EDGE('',*,*,#3225,.T.);
#3228=ORIENTED_EDGE('',*,*,#3227,.T.);
#3229=ORIENTED_EDGE('',*,*,#3211,.F.);
#3230=EDGE_LOOP('',(#3224,#3226,#3228,#3229));
#3231=FACE_OUTER_BOUND('',#3230,.F.);
#3233=CARTESIAN_POINT('',(-1.505E0,-6.85E0,-4.1E0));
#3234=DIRECTION('',(0.E0,-1.E0,0.E0));
#3235=DIRECTION('',(0.E0,0.E0,1.E0));
#3236=AXIS2_PLACEMENT_3D('',#3233,#3234,#3235);
#3237=PLANE('',#3236);
#3238=ORIENTED_EDGE('',*,*,#3181,.F.);
#3239=ORIENTED_EDGE('',*,*,#3200,.T.);
#3241=ORIENTED_EDGE('',*,*,#3240,.T.);
#3242=ORIENTED_EDGE('',*,*,#3225,.F.);
#3243=EDGE_LOOP('',(#3238,#3239,#3241,#3242));
#3244=FACE_OUTER_BOUND('',#3243,.F.);
#3246=CARTESIAN_POINT('',(-2.305E0,0.E0,-3.85E0));
#3247=DIRECTION('',(-1.E0,0.E0,0.E0));
#3248=DIRECTION('',(0.E0,0.E0,1.E0));
#3249=AXIS2_PLACEMENT_3D('',#3246,#3247,#3248);
#3250=PLANE('',#3249);
#3251=ORIENTED_EDGE('',*,*,#3198,.F.);
#3252=ORIENTED_EDGE('',*,*,#3213,.F.);
#3253=ORIENTED_EDGE('',*,*,#3227,.F.);
#3254=ORIENTED_EDGE('',*,*,#3240,.F.);
#3255=EDGE_LOOP('',(#3251,#3252,#3253,#3254));
#3256=FACE_OUTER_BOUND('',#3255,.F.);
#3258=CLOSED_SHELL('',(#3189,#3204,#3218,#3232,#3245,#3257));
#3259=MANIFOLD_SOLID_BREP('',#3258);
#3260=DIRECTION('',(0.E0,-1.E0,0.E0));
#3261=VECTOR('',#3260,2.6E0);
#3262=CARTESIAN_POINT('',(2.305E0,-4.25E0,-4.1E0));
#3263=LINE('',#3262,#3261);
#3264=DIRECTION('',(0.E0,0.E0,1.E0));
#3265=VECTOR('',#3264,5.E-1);
#3266=CARTESIAN_POINT('',(2.305E0,-6.85E0,-4.1E0));
#3267=LINE('',#3266,#3265);
#3268=DIRECTION('',(0.E0,1.E0,0.E0));
#3269=VECTOR('',#3268,2.6E0);
#3270=CARTESIAN_POINT('',(2.305E0,-6.85E0,-3.6E0));
#3271=LINE('',#3270,#3269);
#3272=DIRECTION('',(0.E0,0.E0,-1.E0));
#3273=VECTOR('',#3272,5.E-1);
#3274=CARTESIAN_POINT('',(2.305E0,-4.25E0,-3.6E0));
#3275=LINE('',#3274,#3273);
#3276=DIRECTION('',(-1.E0,0.E0,0.E0));
#3277=VECTOR('',#3276,8.E-1);
#3278=CARTESIAN_POINT('',(2.305E0,-4.25E0,-4.1E0));
#3279=LINE('',#3278,#3277);
#3280=DIRECTION('',(-1.E0,0.E0,0.E0));
#3281=VECTOR('',#3280,8.E-1);
#3282=CARTESIAN_POINT('',(2.305E0,-4.25E0,-3.6E0));
#3283=LINE('',#3282,#3281);
#3284=DIRECTION('',(-1.E0,0.E0,0.E0));
#3285=VECTOR('',#3284,8.E-1);
#3286=CARTESIAN_POINT('',(2.305E0,-6.85E0,-3.6E0));
#3287=LINE('',#3286,#3285);
#3288=DIRECTION('',(-1.E0,0.E0,0.E0));
#3289=VECTOR('',#3288,8.E-1);
#3290=CARTESIAN_POINT('',(2.305E0,-6.85E0,-4.1E0));
#3291=LINE('',#3290,#3289);
#3292=DIRECTION('',(0.E0,-1.E0,0.E0));
#3293=VECTOR('',#3292,2.6E0);
#3294=CARTESIAN_POINT('',(1.505E0,-4.25E0,-4.1E0));
#3295=LINE('',#3294,#3293);
#3296=DIRECTION('',(0.E0,0.E0,-1.E0));
#3297=VECTOR('',#3296,5.E-1);
#3298=CARTESIAN_POINT('',(1.505E0,-4.25E0,-3.6E0));
#3299=LINE('',#3298,#3297);
#3300=DIRECTION('',(0.E0,1.E0,0.E0));
#3301=VECTOR('',#3300,2.6E0);
#3302=CARTESIAN_POINT('',(1.505E0,-6.85E0,-3.6E0));
#3303=LINE('',#3302,#3301);
#3304=DIRECTION('',(0.E0,0.E0,1.E0));
#3305=VECTOR('',#3304,5.E-1);
#3306=CARTESIAN_POINT('',(1.505E0,-6.85E0,-4.1E0));
#3307=LINE('',#3306,#3305);
#3308=CARTESIAN_POINT('',(2.305E0,-4.25E0,-4.1E0));
#3309=CARTESIAN_POINT('',(2.305E0,-6.85E0,-4.1E0));
#3310=VERTEX_POINT('',#3308);
#3311=VERTEX_POINT('',#3309);
#3312=CARTESIAN_POINT('',(1.505E0,-4.25E0,-4.1E0));
#3313=CARTESIAN_POINT('',(1.505E0,-6.85E0,-4.1E0));
#3314=VERTEX_POINT('',#3312);
#3315=VERTEX_POINT('',#3313);
#3316=CARTESIAN_POINT('',(2.305E0,-6.85E0,-3.6E0));
#3317=VERTEX_POINT('',#3316);
#3318=CARTESIAN_POINT('',(2.305E0,-4.25E0,-3.6E0));
#3319=VERTEX_POINT('',#3318);
#3320=CARTESIAN_POINT('',(1.505E0,-6.85E0,-3.6E0));
#3321=VERTEX_POINT('',#3320);
#3322=CARTESIAN_POINT('',(1.505E0,-4.25E0,-3.6E0));
#3323=VERTEX_POINT('',#3322);
#3324=CARTESIAN_POINT('',(2.305E0,0.E0,-3.85E0));
#3325=DIRECTION('',(-1.E0,0.E0,0.E0));
#3326=DIRECTION('',(0.E0,0.E0,1.E0));
#3327=AXIS2_PLACEMENT_3D('',#3324,#3325,#3326);
#3328=PLANE('',#3327);
#3330=ORIENTED_EDGE('',*,*,#3329,.T.);
#3332=ORIENTED_EDGE('',*,*,#3331,.T.);
#3334=ORIENTED_EDGE('',*,*,#3333,.T.);
#3336=ORIENTED_EDGE('',*,*,#3335,.T.);
#3337=EDGE_LOOP('',(#3330,#3332,#3334,#3336));
#3338=FACE_OUTER_BOUND('',#3337,.F.);
#3340=CARTESIAN_POINT('',(2.305E0,-4.25E0,-4.1E0));
#3341=DIRECTION('',(0.E0,0.E0,-1.E0));
#3342=DIRECTION('',(0.E0,-1.E0,0.E0));
#3343=AXIS2_PLACEMENT_3D('',#3340,#3341,#3342);
#3344=PLANE('',#3343);
#3345=ORIENTED_EDGE('',*,*,#3329,.F.);
#3347=ORIENTED_EDGE('',*,*,#3346,.T.);
#3349=ORIENTED_EDGE('',*,*,#3348,.T.);
#3351=ORIENTED_EDGE('',*,*,#3350,.F.);
#3352=EDGE_LOOP('',(#3345,#3347,#3349,#3351));
#3353=FACE_OUTER_BOUND('',#3352,.F.);
#3355=CARTESIAN_POINT('',(2.305E0,-4.25E0,-3.6E0));
#3356=DIRECTION('',(0.E0,1.E0,0.E0));
#3357=DIRECTION('',(0.E0,0.E0,-1.E0));
#3358=AXIS2_PLACEMENT_3D('',#3355,#3356,#3357);
#3359=PLANE('',#3358);
#3360=ORIENTED_EDGE('',*,*,#3335,.F.);
#3362=ORIENTED_EDGE('',*,*,#3361,.T.);
#3364=ORIENTED_EDGE('',*,*,#3363,.T.);
#3365=ORIENTED_EDGE('',*,*,#3346,.F.);
#3366=EDGE_LOOP('',(#3360,#3362,#3364,#3365));
#3367=FACE_OUTER_BOUND('',#3366,.F.);
#3369=CARTESIAN_POINT('',(2.305E0,-6.85E0,-3.6E0));
#3370=DIRECTION('',(0.E0,0.E0,1.E0));
#3371=DIRECTION('',(0.E0,1.E0,0.E0));
#3372=AXIS2_PLACEMENT_3D('',#3369,#3370,#3371);
#3373=PLANE('',#3372);
#3374=ORIENTED_EDGE('',*,*,#3333,.F.);
#3376=ORIENTED_EDGE('',*,*,#3375,.T.);
#3378=ORIENTED_EDGE('',*,*,#3377,.T.);
#3379=ORIENTED_EDGE('',*,*,#3361,.F.);
#3380=EDGE_LOOP('',(#3374,#3376,#3378,#3379));
#3381=FACE_OUTER_BOUND('',#3380,.F.);
#3383=CARTESIAN_POINT('',(2.305E0,-6.85E0,-4.1E0));
#3384=DIRECTION('',(0.E0,-1.E0,0.E0));
#3385=DIRECTION('',(0.E0,0.E0,1.E0));
#3386=AXIS2_PLACEMENT_3D('',#3383,#3384,#3385);
#3387=PLANE('',#3386);
#3388=ORIENTED_EDGE('',*,*,#3331,.F.);
#3389=ORIENTED_EDGE('',*,*,#3350,.T.);
#3391=ORIENTED_EDGE('',*,*,#3390,.T.);
#3392=ORIENTED_EDGE('',*,*,#3375,.F.);
#3393=EDGE_LOOP('',(#3388,#3389,#3391,#3392));
#3394=FACE_OUTER_BOUND('',#3393,.F.);
#3396=CARTESIAN_POINT('',(1.505E0,0.E0,-3.85E0));
#3397=DIRECTION('',(-1.E0,0.E0,0.E0));
#3398=DIRECTION('',(0.E0,0.E0,1.E0));
#3399=AXIS2_PLACEMENT_3D('',#3396,#3397,#3398);
#3400=PLANE('',#3399);
#3401=ORIENTED_EDGE('',*,*,#3348,.F.);
#3402=ORIENTED_EDGE('',*,*,#3363,.F.);
#3403=ORIENTED_EDGE('',*,*,#3377,.F.);
#3404=ORIENTED_EDGE('',*,*,#3390,.F.);
#3405=EDGE_LOOP('',(#3401,#3402,#3403,#3404));
#3406=FACE_OUTER_BOUND('',#3405,.F.);
#3408=CLOSED_SHELL('',(#3339,#3354,#3368,#3382,#3395,#3407));
#3409=MANIFOLD_SOLID_BREP('',#3408);
#3412=PLANE_ANGLE_MEASURE_WITH_UNIT(PLANE_ANGLE_MEASURE(1.745329251994E-2),
#3411);
#3413=(CONVERSION_BASED_UNIT('DEGREE',#3412)NAMED_UNIT(*)PLANE_ANGLE_UNIT());
#3415=UNCERTAINTY_MEASURE_WITH_UNIT(LENGTH_MEASURE(1.531488280149E-3),#3410,
'distance_accuracy_value',
'Maximum model space distance between geometric entities at asserted connectivities');
#3418=APPLICATION_CONTEXT('automotive_design');
#3419=APPLICATION_PROTOCOL_DEFINITION('international standard',
'automotive_design',2001,#3418);
#3420=PRODUCT_DEFINITION_CONTEXT('part definition',#3418,'design');
#3421=PRODUCT_CONTEXT('',#3418,'mechanical');
#3422=PRODUCT('C-1776113-2','C-1776113-2','NOT SPECIFIED',(#3421));
#3423=PRODUCT_DEFINITION_FORMATION('1','LAST_VERSION',#3422);
#3431=DERIVED_UNIT_ELEMENT(#3430,2.E0);
#3432=DERIVED_UNIT((#3431));
#3433=MEASURE_REPRESENTATION_ITEM('surface area measure',AREA_MEASURE(
4.482096420880E2),#3432);
#3438=DERIVED_UNIT_ELEMENT(#3437,3.E0);
#3439=DERIVED_UNIT((#3438));
#3440=MEASURE_REPRESENTATION_ITEM('volume measure',VOLUME_MEASURE(
4.093335852644E2),#3439);
#3444=CARTESIAN_POINT('centre point',(-1.026802137569E-2,-1.417893206852E-1,
-3.523222151872E0));
#3449=DERIVED_UNIT_ELEMENT(#3448,2.E0);
#3450=DERIVED_UNIT((#3449));
#3451=MEASURE_REPRESENTATION_ITEM('surface area measure',AREA_MEASURE(
4.482096420880E2),#3450);
#3456=DERIVED_UNIT_ELEMENT(#3455,3.E0);
#3457=DERIVED_UNIT((#3456));
#3458=MEASURE_REPRESENTATION_ITEM('volume measure',VOLUME_MEASURE(
4.093335852644E2),#3457);
#3462=CARTESIAN_POINT('centre point',(-1.026802137569E-2,-1.417893206852E-1,
-3.523222151872E0));
#3467=PRODUCT_RELATED_PRODUCT_CATEGORY('part','',(#3422));
#1=DRAUGHTING_PRE_DEFINED_COLOUR('black');
#2=COLOUR_RGB('',0.E0,0.E0,3.6E-1);
#3=COLOUR_RGB('',0.E0,0.E0,4.8E-1);
#4=DRAUGHTING_PRE_DEFINED_COLOUR('blue');
#5=COLOUR_RGB('',0.E0,5.8824E-2,4.58824E-1);
#6=COLOUR_RGB('',0.E0,1.80392E-1,4.78431E-1);
#7=COLOUR_RGB('',0.E0,3.6E-1,9.E-2);
#8=COLOUR_RGB('',0.E0,3.6E-1,2.7E-1);
#9=COLOUR_RGB('',0.E0,5.6E-1,6.4E-1);
#10=COLOUR_RGB('',0.E0,5.8E-1,8.E-1);
#11=COLOUR_RGB('',0.E0,7.1E-1,6.6E-1);
#12=COLOUR_RGB('',0.E0,7.13E-1,0.E0);
#13=COLOUR_RGB('',0.E0,9.5E-1,8.4E-1);
#14=DRAUGHTING_PRE_DEFINED_COLOUR('green');
#15=DRAUGHTING_PRE_DEFINED_COLOUR('cyan');
#16=COLOUR_RGB('',1.1765E-2,1.9608E-2,3.9216E-2);
#17=COLOUR_RGB('',4.E-2,0.E0,1.6E-1);
#18=COLOUR_RGB('',3.9216E-2,2.19608E-1,1.21569E-1);
#19=COLOUR_RGB('',3.9216E-2,3.60784E-1,2.E-1);
#20=COLOUR_RGB('',5.098E-2,7.0588E-2,1.01961E-1);
#21=COLOUR_RGB('',9.E-2,0.E0,1.2E-1);
#22=COLOUR_RGB('',9.0196E-2,1.60784E-1,1.09804E-1);
#23=COLOUR_RGB('',9.0196E-2,3.80392E-1,6.70588E-1);
#24=COLOUR_RGB('',1.E-1,0.E0,2.5E-1);
#25=COLOUR_RGB('',1.01961E-1,4.78431E-1,3.88235E-1);
#26=COLOUR_RGB('',1.09804E-1,1.4902E-1,9.0196E-2);
#27=COLOUR_RGB('',1.4902E-1,3.09804E-1,5.29412E-1);
#28=COLOUR_RGB('',1.4902E-1,4.E-1,1.60784E-1);
#29=COLOUR_RGB('',1.6E-1,3.2E-2,0.E0);
#30=COLOUR_RGB('',1.60784E-1,4.5098E-1,7.21569E-1);
#31=COLOUR_RGB('',1.6E-1,4.6E-1,6.5E-1);
#32=COLOUR_RGB('',1.6E-1,1.E0,1.6E-1);
#33=COLOUR_RGB('',2.E-1,3.2E-2,0.E0);
#34=COLOUR_RGB('',2.11765E-1,4.11765E-1,1.4902E-1);
#35=COLOUR_RGB('',2.39216E-1,2.39216E-1,2.31373E-1);
#36=COLOUR_RGB('',2.39216E-1,2.70588E-1,1.80392E-1);
#37=COLOUR_RGB('',2.5098E-1,2.90196E-1,3.29412E-1);
#38=COLOUR_RGB('',2.90196E-1,4.31373E-1,2.E-1);
#39=COLOUR_RGB('',3.1E-1,3.1E-1,5.6E-1);
#40=COLOUR_RGB('',3.09804E-1,6.58824E-1,2.E-1);
#41=COLOUR_RGB('',3.2E-1,1.5E-1,0.E0);
#42=COLOUR_RGB('',3.60784E-1,3.1373E-2,1.68627E-1);
#43=COLOUR_RGB('',3.68627E-1,2.E-1,1.21569E-1);
#44=COLOUR_RGB('',3.88235E-1,2.39216E-1,6.11765E-1);
#45=COLOUR_RGB('',4.E-1,4.E-1,4.E-1);
#46=COLOUR_RGB('',4.11765E-1,5.8824E-2,7.8431E-2);
#47=COLOUR_RGB('',4.11765E-1,3.29412E-1,2.19608E-1);
#48=COLOUR_RGB('',4.2E-1,4.2E-1,1.E0);
#49=COLOUR_RGB('',4.4E-1,8.5E-1,1.E0);
#50=COLOUR_RGB('',4.58824E-1,4.5098E-1,3.09804E-1);
#51=COLOUR_RGB('',4.70588E-1,5.09804E-1,5.4902E-1);
#52=COLOUR_RGB('',4.78431E-1,4.90196E-1,4.58824E-1);
#53=COLOUR_RGB('',4.90196E-1,3.60784E-1,2.19608E-1);
#54=COLOUR_RGB('',4.9E-1,4.9E-1,0.E0);
#55=COLOUR_RGB('',4.9E-1,1.E0,0.E0);
#56=COLOUR_RGB('',5.E-1,0.E0,0.E0);
#57=COLOUR_RGB('',5.E-1,0.E0,2.3E-1);
#58=COLOUR_RGB('',5.E-1,5.E-1,5.E-1);
#59=COLOUR_RGB('',5.21569E-1,2.19608E-1,1.68627E-1);
#60=COLOUR_RGB('',5.3E-1,0.E0,0.E0);
#61=COLOUR_RGB('',5.29412E-1,5.80392E-1,6.5098E-1);
#62=COLOUR_RGB('',5.4E-1,0.E0,4.4E-1);
#63=COLOUR_RGB('',5.5E-1,3.E-1,0.E0);
#64=COLOUR_RGB('',5.6E-1,1.E-1,5.E-2);
#65=COLOUR_RGB('',5.60784E-1,5.80392E-1,6.19608E-1);
#66=COLOUR_RGB('',5.68627E-1,5.8824E-2,4.E-1);
#67=COLOUR_RGB('',5.8E-1,2.2E-1,1.E-2);
#68=COLOUR_RGB('',5.88235E-1,1.21569E-1,1.09804E-1);
#69=COLOUR_RGB('',6.E-1,6.E-1,6.E-1);
#70=COLOUR_RGB('',6.11765E-1,5.60784E-1,3.80392E-1);
#71=COLOUR_RGB('',6.11765E-1,6.11765E-1,6.5098E-1);
#72=COLOUR_RGB('',6.2E-1,0.E0,5.5E-1);
#73=COLOUR_RGB('',6.19608E-1,6.39216E-1,6.90196E-1);
#74=COLOUR_RGB('',6.4E-1,0.E0,2.5E-1);
#75=COLOUR_RGB('',6.4E-1,1.E-2,0.E0);
#76=COLOUR_RGB('',6.39216E-1,5.4902E-1,4.78431E-1);
#77=COLOUR_RGB('',6.5098E-1,6.70588E-1,7.09804E-1);
#78=COLOUR_RGB('',6.70588E-1,1.21569E-1,1.09804E-1);
#79=COLOUR_RGB('',6.78431E-1,4.78431E-1,3.09804E-1);
#80=COLOUR_RGB('',6.8E-1,7.5E-1,1.E0);
#81=COLOUR_RGB('',6.952E-1,7.426E-1,7.9E-1);
#82=COLOUR_RGB('',7.09804E-1,7.0588E-2,2.E-1);
#83=COLOUR_RGB('',7.1E-1,3.1E-1,0.E0);
#84=COLOUR_RGB('',7.2E-1,7.2E-1,7.2E-1);
#85=COLOUR_RGB('',7.29412E-1,7.41176E-1,7.29412E-1);
#86=COLOUR_RGB('',7.41176E-1,7.29412E-1,6.70588E-1);
#87=COLOUR_RGB('',7.4E-1,1.E0,2.6E-1);
#88=COLOUR_RGB('',7.5E-1,3.E-2,0.E0);
#89=COLOUR_RGB('',7.4902E-1,8.90196E-1,7.29412E-1);
#90=COLOUR_RGB('',7.6E-1,0.E0,4.7E-1);
#91=COLOUR_RGB('',7.80392E-1,9.0196E-2,7.0588E-2);
#92=COLOUR_RGB('',7.88235E-1,2.19608E-1,5.4902E-1);
#93=COLOUR_RGB('',8.1E-1,4.E-2,0.E0);
#94=COLOUR_RGB('',8.1E-1,6.1E-1,0.E0);
#95=COLOUR_RGB('',8.2E-1,4.E-2,6.6E-1);
#96=COLOUR_RGB('',8.31373E-1,8.5098E-1,8.58824E-1);
#97=COLOUR_RGB('',8.5098E-1,7.29412E-1,5.4902E-1);
#98=COLOUR_RGB('',8.5E-1,8.5E-1,8.5E-1);
#99=COLOUR_RGB('',8.78431E-1,3.68627E-1,1.21569E-1);
#100=COLOUR_RGB('',8.784E-1,9.49E-1,1.E0);
#101=COLOUR_RGB('',8.90196E-1,5.88235E-1,1.41176E-1);
#102=COLOUR_RGB('',9.E-1,1.E0,0.E0);
#103=COLOUR_RGB('',9.09804E-1,6.11765E-1,7.09804E-1);
#104=COLOUR_RGB('',9.37E-1,7.85E-1,0.E0);
#105=COLOUR_RGB('',9.41176E-1,9.29412E-1,9.01961E-1);
#106=COLOUR_RGB('',9.5E-1,2.2E-1,8.1E-1);
#107=COLOUR_RGB('',9.6E-1,3.7E-1,3.E-1);
#108=COLOUR_RGB('',9.6E-1,7.1E-1,3.75E-1);
#109=COLOUR_RGB('',9.80392E-1,1.E0,1.E0);
#110=COLOUR_RGB('',9.88235E-1,1.09804E-1,7.8431E-2);
#111=COLOUR_RGB('',9.88235E-1,7.21569E-1,1.29412E-1);
#112=COLOUR_RGB('',9.88235E-1,9.21569E-1,8.E-1);
#113=DRAUGHTING_PRE_DEFINED_COLOUR('red');
#114=COLOUR_RGB('',1.E0,0.E0,6.1E-1);
#115=COLOUR_RGB('',1.E0,4.E-2,0.E0);
#116=COLOUR_RGB('',1.E0,2.3E-1,0.E0);
#117=COLOUR_RGB('',1.E0,3.5E-1,5.2E-1);
#118=COLOUR_RGB('',1.E0,3.6E-1,0.E0);
#119=COLOUR_RGB('',1.E0,3.88235E-1,2.11765E-1);
#120=COLOUR_RGB('',1.E0,4.9E-1,3.7E-1);
#121=COLOUR_RGB('',1.E0,5.E-1,0.E0);
#122=COLOUR_RGB('',1.E0,5.6E-1,7.8E-1);
#123=COLOUR_RGB('',1.E0,6.4E-1,4.9E-1);
#124=COLOUR_RGB('',1.E0,6.7E-1,0.E0);
#125=COLOUR_RGB('',1.E0,7.6E-1,6.5E-1);
#126=COLOUR_RGB('',1.E0,8.39216E-1,3.01961E-1);
#127=COLOUR_RGB('',1.E0,8.6E-1,4.E-2);
#128=COLOUR_RGB('',1.E0,9.60784E-1,2.58824E-1);
#129=COLOUR_RGB('',1.E0,9.60784E-1,8.90196E-1);
#130=COLOUR_RGB('',1.E0,9.8E-1,7.2E-1);
#131=DRAUGHTING_PRE_DEFINED_COLOUR('yellow');
#132=COLOUR_RGB('',1.E0,1.E0,3.9216E-2);
#133=DRAUGHTING_PRE_DEFINED_COLOUR('white');
#144=B_SPLINE_CURVE_WITH_KNOTS('',3,(#134,#135,#136,#137,#138,#139,#140,#141,
#142,#143),.UNSPECIFIED.,.F.,.F.,(4,1,1,1,1,1,1,4),(0.E0,1.428571428571E-1,
2.857142857143E-1,4.285714285714E-1,5.714285714286E-1,7.142857142857E-1,
8.571428571429E-1,1.E0),.UNSPECIFIED.);
#149=CIRCLE('',#148,4.E-1);
#164=B_SPLINE_CURVE_WITH_KNOTS('',3,(#154,#155,#156,#157,#158,#159,#160,#161,
#162,#163),.UNSPECIFIED.,.F.,.F.,(4,1,1,1,1,1,1,4),(0.E0,1.428571428571E-1,
2.857142857143E-1,4.285714285714E-1,5.714285714286E-1,7.142857142857E-1,
8.571428571429E-1,1.E0),.UNSPECIFIED.);
#169=CIRCLE('',#168,1.2E0);
#174=CIRCLE('',#173,1.05E0);
#180=B_SPLINE_CURVE_WITH_KNOTS('',3,(#175,#176,#177,#178,#179),.UNSPECIFIED.,
.F.,.F.,(4,1,4),(0.E0,5.E-1,1.E0),.UNSPECIFIED.);
#190=B_SPLINE_CURVE_WITH_KNOTS('',3,(#181,#182,#183,#184,#185,#186,#187,#188,
#189),.UNSPECIFIED.,.F.,.F.,(4,1,1,1,1,1,4),(0.E0,1.666666666667E-1,
3.333333333333E-1,5.E-1,6.666666666667E-1,8.333333333333E-1,1.E0),
.UNSPECIFIED.);
#195=B_SPLINE_CURVE_WITH_KNOTS('',3,(#191,#192,#193,#194),.UNSPECIFIED.,.F.,.F.,
(4,4),(0.E0,1.E0),.UNSPECIFIED.);
#200=B_SPLINE_CURVE_WITH_KNOTS('',3,(#196,#197,#198,#199),.UNSPECIFIED.,.F.,.F.,
(4,4),(0.E0,1.E0),.UNSPECIFIED.);
#208=B_SPLINE_CURVE_WITH_KNOTS('',3,(#201,#202,#203,#204,#205,#206,#207),
.UNSPECIFIED.,.F.,.F.,(4,1,1,1,4),(0.E0,2.5E-1,5.E-1,7.5E-1,1.E0),
.UNSPECIFIED.);
#213=B_SPLINE_CURVE_WITH_KNOTS('',3,(#209,#210,#211,#212),.UNSPECIFIED.,.F.,.F.,
(4,4),(0.E0,1.E0),.UNSPECIFIED.);
#219=B_SPLINE_CURVE_WITH_KNOTS('',3,(#214,#215,#216,#217,#218),.UNSPECIFIED.,
.F.,.F.,(4,1,4),(0.E0,5.E-1,1.E0),.UNSPECIFIED.);
#226=B_SPLINE_CURVE_WITH_KNOTS('',3,(#220,#221,#222,#223,#224,#225),
.UNSPECIFIED.,.F.,.F.,(4,1,1,4),(0.E0,3.333333333333E-1,6.666666666667E-1,1.E0),
.UNSPECIFIED.);
#256=B_SPLINE_CURVE_WITH_KNOTS('',3,(#243,#244,#245,#246,#247,#248,#249,#250,
#251,#252,#253,#254,#255),.UNSPECIFIED.,.F.,.F.,(4,1,1,1,1,1,1,1,1,1,4),(0.E0,
1.E-1,2.E-1,3.E-1,4.E-1,5.E-1,6.E-1,7.E-1,8.E-1,9.E-1,1.E0),.UNSPECIFIED.);
#437=CIRCLE('',#436,1.45E0);
#442=CIRCLE('',#441,1.45E0);
#447=CIRCLE('',#446,1.45E0);
#452=CIRCLE('',#451,1.45E0);
#513=CIRCLE('',#512,1.45E0);
#518=CIRCLE('',#517,1.45E0);
#527=CIRCLE('',#526,1.45E0);
#532=CIRCLE('',#531,1.45E0);
#545=CIRCLE('',#544,1.45E0);
#554=CIRCLE('',#553,1.45E0);
#583=CIRCLE('',#582,1.45E0);
#588=CIRCLE('',#587,1.45E0);
#597=CIRCLE('',#596,1.45E0);
#602=CIRCLE('',#601,1.45E0);
#615=CIRCLE('',#614,1.45E0);
#624=CIRCLE('',#623,1.45E0);
#1057=CIRCLE('',#1056,1.2E0);
#1066=CIRCLE('',#1065,1.05E0);
#1071=B_SPLINE_CURVE_WITH_KNOTS('',3,(#1067,#1068,#1069,#1070),.UNSPECIFIED.,
.F.,.F.,(4,4),(0.E0,1.E0),.UNSPECIFIED.);
#1076=B_SPLINE_CURVE_WITH_KNOTS('',3,(#1072,#1073,#1074,#1075),.UNSPECIFIED.,
.F.,.F.,(4,4),(0.E0,1.E0),.UNSPECIFIED.);
#1082=B_SPLINE_CURVE_WITH_KNOTS('',3,(#1077,#1078,#1079,#1080,#1081),
.UNSPECIFIED.,.F.,.F.,(4,1,4),(0.E0,5.E-1,1.E0),.UNSPECIFIED.);
#1087=B_SPLINE_CURVE_WITH_KNOTS('',3,(#1083,#1084,#1085,#1086),.UNSPECIFIED.,
.F.,.F.,(4,4),(0.E0,1.E0),.UNSPECIFIED.);
#1093=B_SPLINE_CURVE_WITH_KNOTS('',3,(#1088,#1089,#1090,#1091,#1092),
.UNSPECIFIED.,.F.,.F.,(4,1,4),(0.E0,5.E-1,1.E0),.UNSPECIFIED.);
#1098=B_SPLINE_CURVE_WITH_KNOTS('',3,(#1094,#1095,#1096,#1097),.UNSPECIFIED.,
.F.,.F.,(4,4),(0.E0,1.E0),.UNSPECIFIED.);
#1103=B_SPLINE_CURVE_WITH_KNOTS('',3,(#1099,#1100,#1101,#1102),.UNSPECIFIED.,
.F.,.F.,(4,4),(0.E0,1.E0),.UNSPECIFIED.);
#1108=B_SPLINE_CURVE_WITH_KNOTS('',3,(#1104,#1105,#1106,#1107),.UNSPECIFIED.,
.F.,.F.,(4,4),(0.E0,1.E0),.UNSPECIFIED.);
#1115=B_SPLINE_CURVE_WITH_KNOTS('',3,(#1109,#1110,#1111,#1112,#1113,#1114),
.UNSPECIFIED.,.F.,.F.,(4,1,1,4),(0.E0,3.333333333333E-1,6.666666666667E-1,1.E0),
.UNSPECIFIED.);
#1130=B_SPLINE_CURVE_WITH_KNOTS('',3,(#1120,#1121,#1122,#1123,#1124,#1125,#1126,
#1127,#1128,#1129),.UNSPECIFIED.,.F.,.F.,(4,1,1,1,1,1,1,4),(0.E0,
1.428571428571E-1,2.857142857143E-1,4.285714285714E-1,5.714285714286E-1,
7.142857142857E-1,8.571428571429E-1,1.E0),.UNSPECIFIED.);
#1139=CIRCLE('',#1138,1.2E0);
#1144=CIRCLE('',#1143,1.05E0);
#1152=B_SPLINE_CURVE_WITH_KNOTS('',3,(#1145,#1146,#1147,#1148,#1149,#1150,
#1151),.UNSPECIFIED.,.F.,.F.,(4,1,1,1,4),(0.E0,2.5E-1,5.E-1,7.5E-1,1.E0),
.UNSPECIFIED.);
#1161=CIRCLE('',#1160,1.2E0);
#1170=CIRCLE('',#1169,1.05E0);
#1181=B_SPLINE_CURVE_WITH_KNOTS('',3,(#1171,#1172,#1173,#1174,#1175,#1176,#1177,
#1178,#1179,#1180),.UNSPECIFIED.,.F.,.F.,(4,1,1,1,1,1,1,4),(0.E0,
1.428571428571E-1,2.857142857143E-1,4.285714285714E-1,5.714285714286E-1,
7.142857142857E-1,8.571428571429E-1,1.E0),.UNSPECIFIED.);
#1186=CIRCLE('',#1185,4.000001832166E-1);
#1200=B_SPLINE_CURVE_WITH_KNOTS('',3,(#1187,#1188,#1189,#1190,#1191,#1192,#1193,
#1194,#1195,#1196,#1197,#1198,#1199),.UNSPECIFIED.,.F.,.F.,(4,1,1,1,1,1,1,1,1,1,
4),(0.E0,1.E-1,2.E-1,3.E-1,4.E-1,5.E-1,6.E-1,7.E-1,8.E-1,9.E-1,1.E0),
.UNSPECIFIED.);
#1533=EDGE_CURVE('',#1378,#1376,#144,.T.);
#1535=EDGE_CURVE('',#1378,#1373,#1119,.T.);
#1537=EDGE_CURVE('',#1373,#1363,#1082,.T.);
#1539=EDGE_CURVE('',#1363,#1359,#1057,.T.);
#1541=EDGE_CURVE('',#1359,#1356,#272,.T.);
#1543=EDGE_CURVE('',#1376,#1356,#169,.T.);
#1547=ADVANCED_FACE('',(#1546),#1532,.F.);
#1589=EDGE_CURVE('',#1376,#1372,#164,.T.);
#1591=EDGE_CURVE('',#1377,#1372,#190,.T.);
#1593=EDGE_CURVE('',#1377,#1378,#149,.T.);
#1598=ADVANCED_FACE('',(#1597),#1588,.F.);
#1604=EDGE_CURVE('',#1371,#1372,#153,.T.);
#1608=EDGE_CURVE('',#1355,#1356,#268,.T.);
#1610=EDGE_CURVE('',#1355,#1371,#174,.T.);
#1614=ADVANCED_FACE('',(#1613),#1603,.F.);
#1620=EDGE_CURVE('',#1367,#1368,#230,.T.);
#1622=EDGE_CURVE('',#1368,#1377,#180,.T.);
#1626=EDGE_CURVE('',#1371,#1375,#195,.T.);
#1628=EDGE_CURVE('',#1367,#1375,#200,.T.);
#1632=ADVANCED_FACE('',(#1631),#1619,.T.);
#1638=EDGE_CURVE('',#1404,#1403,#208,.T.);
#1640=EDGE_CURVE('',#1403,#1400,#1216,.T.);
#1642=EDGE_CURVE('',#1396,#1400,#213,.T.);
#1644=EDGE_CURVE('',#1396,#1388,#219,.T.);
#1646=EDGE_CURVE('',#1406,#1388,#1134,.T.);
#1648=EDGE_CURVE('',#1406,#1404,#226,.T.);
#1652=ADVANCED_FACE('',(#1651),#1637,.T.);
#1659=EDGE_CURVE('',#1351,#1367,#234,.T.);
#1661=EDGE_CURVE('',#1351,#1352,#238,.T.);
#1663=EDGE_CURVE('',#1352,#1401,#242,.T.);
#1665=EDGE_CURVE('',#1368,#1401,#256,.T.);
#1669=ADVANCED_FACE('',(#1668),#1657,.T.);
#1677=EDGE_CURVE('',#1375,#1374,#260,.T.);
#1679=EDGE_CURVE('',#1351,#1374,#1071,.T.);
#1683=ADVANCED_FACE('',(#1682),#1674,.T.);
#1689=EDGE_CURVE('',#1360,#1355,#280,.T.);
#1691=EDGE_CURVE('',#1360,#1364,#1066,.T.);
#1693=EDGE_CURVE('',#1364,#1374,#1076,.T.);
#1700=ADVANCED_FACE('',(#1699),#1688,.F.);
#1706=EDGE_CURVE('',#1226,#1228,#308,.T.);
#1708=EDGE_CURVE('',#1226,#1238,#264,.T.);
#1710=EDGE_CURVE('',#1238,#1240,#748,.T.);
#1712=EDGE_CURVE('',#1228,#1240,#728,.T.);
#1718=EDGE_CURVE('',#1359,#1360,#276,.T.);
#1723=EDGE_CURVE('',#1381,#1385,#284,.T.);
#1725=EDGE_CURVE('',#1385,#1386,#288,.T.);
#1727=EDGE_CURVE('',#1386,#1382,#292,.T.);
#1729=EDGE_CURVE('',#1381,#1382,#296,.T.);
#1733=ADVANCED_FACE('',(#1715,#1722,#1732),#1705,.T.);
#1739=EDGE_CURVE('',#1223,#1224,#300,.T.);
#1741=EDGE_CURVE('',#1224,#1226,#304,.T.);
#1744=EDGE_CURVE('',#1228,#1230,#312,.T.);
#1746=EDGE_CURVE('',#1230,#1232,#316,.T.);
#1748=EDGE_CURVE('',#1232,#1223,#320,.T.);
#1752=ADVANCED_FACE('',(#1751),#1738,.F.);
#1758=EDGE_CURVE('',#1497,#1499,#324,.T.);
#1760=EDGE_CURVE('',#1511,#1499,#328,.T.);
#1762=EDGE_CURVE('',#1511,#1235,#332,.T.);
#1764=EDGE_CURVE('',#1235,#1236,#732,.T.);
#1766=EDGE_CURVE('',#1224,#1236,#756,.T.);
#1769=EDGE_CURVE('',#1223,#1459,#336,.T.);
#1771=EDGE_CURVE('',#1459,#1456,#340,.T.);
#1773=EDGE_CURVE('',#1456,#1457,#344,.T.);
#1775=EDGE_CURVE('',#1461,#1457,#348,.T.);
#1777=EDGE_CURVE('',#1461,#1509,#352,.T.);
#1779=EDGE_CURVE('',#1509,#1497,#356,.T.);
#1783=ADVANCED_FACE('',(#1782),#1757,.T.);
#1789=EDGE_CURVE('',#1514,#1515,#360,.T.);
#1791=EDGE_CURVE('',#1493,#1514,#364,.T.);
#1793=EDGE_CURVE('',#1491,#1493,#368,.T.);
#1795=EDGE_CURVE('',#1490,#1491,#372,.T.);
#1797=EDGE_CURVE('',#1499,#1490,#376,.T.);
#1800=EDGE_CURVE('',#1496,#1497,#380,.T.);
#1802=EDGE_CURVE('',#1518,#1496,#384,.T.);
#1804=EDGE_CURVE('',#1518,#1519,#388,.T.);
#1806=EDGE_CURVE('',#1515,#1519,#392,.T.);
#1810=ADVANCED_FACE('',(#1809),#1788,.T.);
#1816=EDGE_CURVE('',#1522,#1523,#396,.T.);
#1818=EDGE_CURVE('',#1514,#1522,#428,.T.);
#1821=EDGE_CURVE('',#1515,#1523,#400,.T.);
#1825=ADVANCED_FACE('',(#1824),#1815,.F.);
#1832=EDGE_CURVE('',#1525,#1523,#404,.T.);
#1834=EDGE_CURVE('',#1525,#1527,#408,.T.);
#1836=EDGE_CURVE('',#1527,#1522,#416,.T.);
#1840=ADVANCED_FACE('',(#1839),#1830,.T.);
#1849=EDGE_CURVE('',#1519,#1525,#412,.T.);
#1853=ADVANCED_FACE('',(#1852),#1845,.T.);
#1862=EDGE_CURVE('',#1518,#1527,#420,.T.);
#1866=ADVANCED_FACE('',(#1865),#1858,.T.);
#1875=EDGE_CURVE('',#1501,#1496,#432,.T.);
#1877=EDGE_CURVE('',#1507,#1501,#496,.T.);
#1879=EDGE_CURVE('',#1507,#1493,#424,.T.);
#1885=ADVANCED_FACE('',(#1884),#1871,.F.);
#1893=EDGE_CURVE('',#1509,#1501,#456,.T.);
#1898=ADVANCED_FACE('',(#1897),#1890,.F.);
#1906=EDGE_CURVE('',#1461,#1465,#460,.T.);
#1908=EDGE_CURVE('',#1465,#1467,#464,.T.);
#1910=EDGE_CURVE('',#1467,#1469,#468,.T.);
#1912=EDGE_CURVE('',#1469,#1463,#472,.T.);
#1914=EDGE_CURVE('',#1459,#1463,#476,.T.);
#1918=EDGE_CURVE('',#1232,#1244,#480,.T.);
#1920=EDGE_CURVE('',#1244,#1235,#736,.T.);
#1923=EDGE_CURVE('',#1511,#1503,#484,.T.);
#1925=EDGE_CURVE('',#1503,#1505,#488,.T.);
#1927=EDGE_CURVE('',#1505,#1507,#492,.T.);
#1932=EDGE_CURVE('',#1255,#1256,#447,.T.);
#1934=EDGE_CURVE('',#1256,#1255,#452,.T.);
#1938=EDGE_CURVE('',#1247,#1248,#437,.T.);
#1940=EDGE_CURVE('',#1248,#1247,#442,.T.);
#1944=ADVANCED_FACE('',(#1931,#1937,#1943),#1903,.T.);
#1950=EDGE_CURVE('',#1250,#1276,#527,.T.);
#1952=EDGE_CURVE('',#1276,#1268,#500,.T.);
#1954=EDGE_CURVE('',#1268,#1263,#545,.T.);
#1956=EDGE_CURVE('',#1271,#1263,#536,.T.);
#1958=EDGE_CURVE('',#1271,#1252,#518,.T.);
#1960=EDGE_CURVE('',#1248,#1252,#566,.T.);
#1963=EDGE_CURVE('',#1247,#1250,#504,.T.);
#1967=ADVANCED_FACE('',(#1966),#1949,.F.);
#1973=EDGE_CURVE('',#1271,#1272,#508,.T.);
#1975=EDGE_CURVE('',#1252,#1272,#513,.T.);
#1980=ADVANCED_FACE('',(#1979),#1972,.T.);
#1986=EDGE_CURVE('',#1275,#1276,#522,.T.);
#1989=EDGE_CURVE('',#1275,#1250,#532,.T.);
#1993=ADVANCED_FACE('',(#1992),#1985,.T.);
#2001=EDGE_CURVE('',#1263,#1264,#540,.T.);
#2003=EDGE_CURVE('',#1272,#1264,#562,.T.);
#2007=ADVANCED_FACE('',(#2006),#1998,.F.);
#2015=EDGE_CURVE('',#1266,#1268,#549,.T.);
#2017=EDGE_CURVE('',#1264,#1266,#554,.T.);
#2021=ADVANCED_FACE('',(#2020),#2012,.T.);
#2028=EDGE_CURVE('',#1275,#1266,#558,.T.);
#2034=ADVANCED_FACE('',(#2033),#2026,.F.);
#2050=ADVANCED_FACE('',(#2049),#2039,.F.);
#2056=EDGE_CURVE('',#1258,#1292,#597,.T.);
#2058=EDGE_CURVE('',#1292,#1284,#570,.T.);
#2060=EDGE_CURVE('',#1284,#1279,#615,.T.);
#2062=EDGE_CURVE('',#1287,#1279,#606,.T.);
#2064=EDGE_CURVE('',#1287,#1260,#588,.T.);
#2066=EDGE_CURVE('',#1256,#1260,#636,.T.);
#2069=EDGE_CURVE('',#1255,#1258,#574,.T.);
#2073=ADVANCED_FACE('',(#2072),#2055,.F.);
#2079=EDGE_CURVE('',#1287,#1288,#578,.T.);
#2081=EDGE_CURVE('',#1260,#1288,#583,.T.);
#2086=ADVANCED_FACE('',(#2085),#2078,.T.);
#2092=EDGE_CURVE('',#1291,#1292,#592,.T.);
#2095=EDGE_CURVE('',#1291,#1258,#602,.T.);
#2099=ADVANCED_FACE('',(#2098),#2091,.T.);
#2107=EDGE_CURVE('',#1279,#1280,#610,.T.);
#2109=EDGE_CURVE('',#1288,#1280,#632,.T.);
#2113=ADVANCED_FACE('',(#2112),#2104,.F.);
#2121=EDGE_CURVE('',#1282,#1284,#619,.T.);
#2123=EDGE_CURVE('',#1280,#1282,#624,.T.);
#2127=ADVANCED_FACE('',(#2126),#2118,.T.);
#2134=EDGE_CURVE('',#1291,#1282,#628,.T.);
#2140=ADVANCED_FACE('',(#2139),#2132,.F.);
#2156=ADVANCED_FACE('',(#2155),#2145,.F.);
#2163=EDGE_CURVE('',#1457,#1450,#656,.T.);
#2165=EDGE_CURVE('',#1465,#1450,#720,.T.);
#2170=ADVANCED_FACE('',(#2169),#2161,.F.);
#2176=EDGE_CURVE('',#1474,#1475,#640,.T.);
#2178=EDGE_CURVE('',#1453,#1475,#644,.T.);
#2180=EDGE_CURVE('',#1451,#1453,#648,.T.);
#2182=EDGE_CURVE('',#1450,#1451,#652,.T.);
#2186=EDGE_CURVE('',#1471,#1456,#660,.T.);
#2188=EDGE_CURVE('',#1479,#1471,#664,.T.);
#2190=EDGE_CURVE('',#1478,#1479,#668,.T.);
#2192=EDGE_CURVE('',#1478,#1474,#672,.T.);
#2196=ADVANCED_FACE('',(#2195),#2175,.T.);
#2202=EDGE_CURVE('',#1474,#1481,#676,.T.);
#2204=EDGE_CURVE('',#1485,#1481,#680,.T.);
#2206=EDGE_CURVE('',#1475,#1485,#708,.T.);
#2211=ADVANCED_FACE('',(#2210),#2201,.F.);
#2219=EDGE_CURVE('',#1478,#1483,#688,.T.);
#2221=EDGE_CURVE('',#1483,#1481,#684,.T.);
#2225=ADVANCED_FACE('',(#2224),#2216,.T.);
#2233=EDGE_CURVE('',#1479,#1487,#700,.T.);
#2235=EDGE_CURVE('',#1483,#1487,#692,.T.);
#2239=ADVANCED_FACE('',(#2238),#2230,.T.);
#2245=EDGE_CURVE('',#1487,#1485,#696,.T.);
#2249=EDGE_CURVE('',#1463,#1471,#712,.T.);
#2252=EDGE_CURVE('',#1469,#1453,#704,.T.);
#2258=ADVANCED_FACE('',(#2257),#2244,.F.);
#2270=ADVANCED_FACE('',(#2269),#2263,.T.);
#2282=ADVANCED_FACE('',(#2281),#2275,.F.);
#2289=EDGE_CURVE('',#1467,#1451,#716,.T.);
#2295=ADVANCED_FACE('',(#2294),#2287,.F.);
#2307=ADVANCED_FACE('',(#2306),#2300,.F.);
#2314=EDGE_CURVE('',#1230,#1242,#724,.T.);
#2316=EDGE_CURVE('',#1242,#1244,#740,.T.);
#2321=ADVANCED_FACE('',(#2320),#2312,.T.);
#2329=EDGE_CURVE('',#1240,#1242,#744,.T.);
#2334=ADVANCED_FACE('',(#2333),#2326,.T.);
#2345=EDGE_CURVE('',#1236,#1238,#752,.T.);
#2349=ADVANCED_FACE('',(#2348),#2339,.T.);
#2361=EDGE_CURVE('',#1415,#1328,#760,.T.);
#2363=EDGE_CURVE('',#1328,#1330,#764,.T.);
#2365=EDGE_CURVE('',#1330,#1417,#768,.T.);
#2367=EDGE_CURVE('',#1417,#1419,#772,.T.);
#2369=EDGE_CURVE('',#1419,#1421,#776,.T.);
#2371=EDGE_CURVE('',#1421,#1423,#780,.T.);
#2373=EDGE_CURVE('',#1423,#1425,#784,.T.);
#2375=EDGE_CURVE('',#1425,#1308,#788,.T.);
#2377=EDGE_CURVE('',#1308,#1340,#792,.T.);
#2379=EDGE_CURVE('',#1340,#1342,#796,.T.);
#2381=EDGE_CURVE('',#1342,#1427,#800,.T.);
#2383=EDGE_CURVE('',#1427,#1415,#804,.T.);
#2387=EDGE_CURVE('',#1435,#1334,#808,.T.);
#2389=EDGE_CURVE('',#1334,#1336,#812,.T.);
#2391=EDGE_CURVE('',#1336,#1437,#816,.T.);
#2393=EDGE_CURVE('',#1437,#1439,#820,.T.);
#2395=EDGE_CURVE('',#1439,#1441,#824,.T.);
#2397=EDGE_CURVE('',#1441,#1443,#828,.T.);
#2399=EDGE_CURVE('',#1443,#1445,#832,.T.);
#2401=EDGE_CURVE('',#1445,#1324,#836,.T.);
#2403=EDGE_CURVE('',#1324,#1346,#840,.T.);
#2405=EDGE_CURVE('',#1346,#1348,#844,.T.);
#2407=EDGE_CURVE('',#1348,#1447,#848,.T.);
#2409=EDGE_CURVE('',#1447,#1435,#852,.T.);
#2413=ADVANCED_FACE('',(#2360,#2386,#2412),#2354,.T.);
#2419=EDGE_CURVE('',#1328,#1326,#860,.T.);
#2422=EDGE_CURVE('',#1415,#1306,#856,.T.);
#2424=EDGE_CURVE('',#1306,#1326,#864,.T.);
#2428=ADVANCED_FACE('',(#2427),#2418,.F.);
#2435=EDGE_CURVE('',#1326,#1295,#908,.T.);
#2437=EDGE_CURVE('',#1330,#1295,#948,.T.);
#2442=ADVANCED_FACE('',(#2441),#2433,.F.);
#2449=EDGE_CURVE('',#1305,#1306,#868,.T.);
#2451=EDGE_CURVE('',#1338,#1305,#872,.T.);
#2453=EDGE_CURVE('',#1302,#1338,#876,.T.);
#2455=EDGE_CURVE('',#1300,#1302,#880,.T.);
#2457=EDGE_CURVE('',#1299,#1300,#884,.T.);
#2459=EDGE_CURVE('',#1413,#1299,#888,.T.);
#2461=EDGE_CURVE('',#1411,#1413,#892,.T.);
#2463=EDGE_CURVE('',#1409,#1411,#896,.T.);
#2465=EDGE_CURVE('',#1296,#1409,#900,.T.);
#2467=EDGE_CURVE('',#1295,#1296,#904,.T.);
#2472=ADVANCED_FACE('',(#2471),#2447,.T.);
#2479=EDGE_CURVE('',#1427,#1305,#912,.T.);
#2485=ADVANCED_FACE('',(#2484),#2477,.F.);
#2491=EDGE_CURVE('',#1342,#1338,#916,.T.);
#2498=ADVANCED_FACE('',(#2497),#2490,.F.);
#2504=EDGE_CURVE('',#1340,#1302,#920,.T.);
#2511=ADVANCED_FACE('',(#2510),#2503,.F.);
#2517=EDGE_CURVE('',#1308,#1300,#924,.T.);
#2524=ADVANCED_FACE('',(#2523),#2516,.F.);
#2532=EDGE_CURVE('',#1425,#1299,#928,.T.);
#2537=ADVANCED_FACE('',(#2536),#2529,.F.);
#2544=EDGE_CURVE('',#1423,#1413,#932,.T.);
#2550=ADVANCED_FACE('',(#2549),#2542,.F.);
#2557=EDGE_CURVE('',#1421,#1411,#936,.T.);
#2563=ADVANCED_FACE('',(#2562),#2555,.F.);
#2570=EDGE_CURVE('',#1419,#1409,#940,.T.);
#2576=ADVANCED_FACE('',(#2575),#2568,.F.);
#2583=EDGE_CURVE('',#1417,#1296,#944,.T.);
#2589=ADVANCED_FACE('',(#2588),#2581,.F.);
#2601=ADVANCED_FACE('',(#2600),#2594,.F.);
#2607=EDGE_CURVE('',#1334,#1332,#956,.T.);
#2610=EDGE_CURVE('',#1435,#1322,#952,.T.);
#2612=EDGE_CURVE('',#1322,#1332,#960,.T.);
#2616=ADVANCED_FACE('',(#2615),#2606,.F.);
#2623=EDGE_CURVE('',#1332,#1311,#1004,.T.);
#2625=EDGE_CURVE('',#1336,#1311,#1044,.T.);
#2630=ADVANCED_FACE('',(#2629),#2621,.F.);
#2637=EDGE_CURVE('',#1321,#1322,#964,.T.);
#2639=EDGE_CURVE('',#1344,#1321,#968,.T.);
#2641=EDGE_CURVE('',#1318,#1344,#972,.T.);
#2643=EDGE_CURVE('',#1316,#1318,#976,.T.);
#2645=EDGE_CURVE('',#1315,#1316,#980,.T.);
#2647=EDGE_CURVE('',#1433,#1315,#984,.T.);
#2649=EDGE_CURVE('',#1431,#1433,#988,.T.);
#2651=EDGE_CURVE('',#1429,#1431,#992,.T.);
#2653=EDGE_CURVE('',#1312,#1429,#996,.T.);
#2655=EDGE_CURVE('',#1311,#1312,#1000,.T.);
#2660=ADVANCED_FACE('',(#2659),#2635,.T.);
#2667=EDGE_CURVE('',#1447,#1321,#1008,.T.);
#2673=ADVANCED_FACE('',(#2672),#2665,.F.);
#2679=EDGE_CURVE('',#1348,#1344,#1012,.T.);
#2686=ADVANCED_FACE('',(#2685),#2678,.F.);
#2692=EDGE_CURVE('',#1346,#1318,#1016,.T.);
#2699=ADVANCED_FACE('',(#2698),#2691,.F.);
#2705=EDGE_CURVE('',#1324,#1316,#1020,.T.);
#2712=ADVANCED_FACE('',(#2711),#2704,.F.);
#2720=EDGE_CURVE('',#1445,#1315,#1024,.T.);
#2725=ADVANCED_FACE('',(#2724),#2717,.F.);
#2732=EDGE_CURVE('',#1443,#1433,#1028,.T.);
#2738=ADVANCED_FACE('',(#2737),#2730,.F.);
#2745=EDGE_CURVE('',#1441,#1431,#1032,.T.);
#2751=ADVANCED_FACE('',(#2750),#2743,.F.);
#2758=EDGE_CURVE('',#1439,#1429,#1036,.T.);
#2764=ADVANCED_FACE('',(#2763),#2756,.F.);
#2771=EDGE_CURVE('',#1437,#1312,#1040,.T.);
#2777=ADVANCED_FACE('',(#2776),#2769,.F.);
#2789=ADVANCED_FACE('',(#2788),#2782,.F.);
#2796=EDGE_CURVE('',#1503,#1490,#1048,.T.);
#2802=ADVANCED_FACE('',(#2801),#2794,.F.);
#2810=EDGE_CURVE('',#1505,#1491,#1052,.T.);
#2815=ADVANCED_FACE('',(#2814),#2807,.F.);
#2827=ADVANCED_FACE('',(#2826),#2820,.F.);
#2835=EDGE_CURVE('',#1363,#1364,#1061,.T.);
#2840=ADVANCED_FACE('',(#2839),#2832,.F.);
#2851=EDGE_CURVE('',#1373,#1352,#1087,.T.);
#2855=ADVANCED_FACE('',(#2854),#2845,.T.);
#2861=EDGE_CURVE('',#1393,#1390,#1093,.T.);
#2863=EDGE_CURVE('',#1393,#1398,#1098,.T.);
#2865=EDGE_CURVE('',#1394,#1398,#1208,.T.);
#2867=EDGE_CURVE('',#1394,#1395,#1103,.T.);
#2869=EDGE_CURVE('',#1392,#1395,#1108,.T.);
#2871=EDGE_CURVE('',#1390,#1392,#1165,.T.);
#2875=ADVANCED_FACE('',(#2874),#2860,.T.);
#2881=EDGE_CURVE('',#1401,#1378,#1115,.T.);
#2888=ADVANCED_FACE('',(#2887),#2880,.T.);
#2920=ADVANCED_FACE('',(#2919),#2913,.F.);
#2927=EDGE_CURVE('',#1388,#1382,#1139,.T.);
#2930=EDGE_CURVE('',#1396,#1393,#1220,.T.);
#2933=EDGE_CURVE('',#1390,#1381,#1161,.T.);
#2937=ADVANCED_FACE('',(#2936),#2925,.F.);
#2943=EDGE_CURVE('',#1406,#1407,#1130,.T.);
#2948=EDGE_CURVE('',#1386,#1407,#1144,.T.);
#2952=ADVANCED_FACE('',(#2951),#2942,.F.);
#2983=EDGE_CURVE('',#1407,#1405,#1152,.T.);
#2985=EDGE_CURVE('',#1404,#1405,#1186,.T.);
#2990=ADVANCED_FACE('',(#2989),#2981,.F.);
#2999=EDGE_CURVE('',#1385,#1392,#1170,.T.);
#3002=EDGE_CURVE('',#1405,#1395,#1156,.T.);
#3006=ADVANCED_FACE('',(#3005),#2995,.F.);
#3018=ADVANCED_FACE('',(#3017),#3011,.F.);
#3024=EDGE_CURVE('',#1405,#1402,#1181,.T.);
#3028=EDGE_CURVE('',#1394,#1402,#1204,.T.);
#3032=ADVANCED_FACE('',(#3031),#3023,.T.);
#3074=EDGE_CURVE('',#1402,#1403,#1200,.T.);
#3081=ADVANCED_FACE('',(#3080),#3073,.F.);
#3090=EDGE_CURVE('',#1398,#1400,#1212,.T.);
#3095=ADVANCED_FACE('',(#3094),#3086,.T.);
#3107=ADVANCED_FACE('',(#3106),#3100,.T.);
#3179=EDGE_CURVE('',#3160,#3161,#3113,.T.);
#3181=EDGE_CURVE('',#3161,#3167,#3117,.T.);
#3183=EDGE_CURVE('',#3167,#3169,#3121,.T.);
#3185=EDGE_CURVE('',#3169,#3160,#3125,.T.);
#3189=ADVANCED_FACE('',(#3188),#3178,.F.);
#3196=EDGE_CURVE('',#3160,#3164,#3129,.T.);
#3198=EDGE_CURVE('',#3164,#3165,#3145,.T.);
#3200=EDGE_CURVE('',#3161,#3165,#3141,.T.);
#3204=ADVANCED_FACE('',(#3203),#3194,.T.);
#3211=EDGE_CURVE('',#3169,#3173,#3133,.T.);
#3213=EDGE_CURVE('',#3173,#3164,#3149,.T.);
#3218=ADVANCED_FACE('',(#3217),#3209,.T.);
#3225=EDGE_CURVE('',#3167,#3171,#3137,.T.);
#3227=EDGE_CURVE('',#3171,#3173,#3153,.T.);
#3232=ADVANCED_FACE('',(#3231),#3223,.T.);
#3240=EDGE_CURVE('',#3165,#3171,#3157,.T.);
#3245=ADVANCED_FACE('',(#3244),#3237,.T.);
#3257=ADVANCED_FACE('',(#3256),#3250,.T.);
#3329=EDGE_CURVE('',#3310,#3311,#3263,.T.);
#3331=EDGE_CURVE('',#3311,#3317,#3267,.T.);
#3333=EDGE_CURVE('',#3317,#3319,#3271,.T.);
#3335=EDGE_CURVE('',#3319,#3310,#3275,.T.);
#3339=ADVANCED_FACE('',(#3338),#3328,.F.);
#3346=EDGE_CURVE('',#3310,#3314,#3279,.T.);
#3348=EDGE_CURVE('',#3314,#3315,#3295,.T.);
#3350=EDGE_CURVE('',#3311,#3315,#3291,.T.);
#3354=ADVANCED_FACE('',(#3353),#3344,.T.);
#3361=EDGE_CURVE('',#3319,#3323,#3283,.T.);
#3363=EDGE_CURVE('',#3323,#3314,#3299,.T.);
#3368=ADVANCED_FACE('',(#3367),#3359,.T.);
#3375=EDGE_CURVE('',#3317,#3321,#3287,.T.);
#3377=EDGE_CURVE('',#3321,#3323,#3303,.T.);
#3382=ADVANCED_FACE('',(#3381),#3373,.T.);
#3390=EDGE_CURVE('',#3315,#3321,#3307,.T.);
#3395=ADVANCED_FACE('',(#3394),#3387,.T.);
#3407=ADVANCED_FACE('',(#3406),#3400,.T.);
#3410=(LENGTH_UNIT()NAMED_UNIT(*)SI_UNIT(.MILLI.,.METRE.));
#3411=(NAMED_UNIT(*)PLANE_ANGLE_UNIT()SI_UNIT($,.RADIAN.));
#3414=(NAMED_UNIT(*)SI_UNIT($,.STERADIAN.)SOLID_ANGLE_UNIT());
#3416=(GEOMETRIC_REPRESENTATION_CONTEXT(3)GLOBAL_UNCERTAINTY_ASSIGNED_CONTEXT((
#3415))GLOBAL_UNIT_ASSIGNED_CONTEXT((#3410,#3413,#3414))REPRESENTATION_CONTEXT(
'ID1','3'));
#3417=ADVANCED_BREP_SHAPE_REPRESENTATION('',(#3109,#3259,#3409),#3416);
#3424=PRODUCT_DEFINITION('part definition','',#3423,#3420);
#3425=PRODUCT_DEFINITION_SHAPE('','SHAPE FOR C-1776113-2.',#3424);
#3426=SHAPE_ASPECT('','solid data associated with C-1776113-2',#3425,.F.);
#3427=PROPERTY_DEFINITION('',
'shape for solid data with which properties are associated',#3426);
#3428=SHAPE_REPRESENTATION('',(#3409),#3416);
#3429=SHAPE_DEFINITION_REPRESENTATION(#3427,#3428);
#3430=(LENGTH_UNIT()NAMED_UNIT(*)SI_UNIT(.MILLI.,.METRE.));
#3434=PROPERTY_DEFINITION('geometric validation property','area of C-1776113-2',
#3426);
#3435=REPRESENTATION('surface area',(#3433),#3416);
#3436=PROPERTY_DEFINITION_REPRESENTATION(#3434,#3435);
#3437=(LENGTH_UNIT()NAMED_UNIT(*)SI_UNIT(.MILLI.,.METRE.));
#3441=PROPERTY_DEFINITION('geometric validation property',
'volume of C-1776113-2',#3426);
#3442=REPRESENTATION('volume',(#3440),#3416);
#3443=PROPERTY_DEFINITION_REPRESENTATION(#3441,#3442);
#3445=PROPERTY_DEFINITION('geometric validation property',
'centroid of C-1776113-2',#3426);
#3446=REPRESENTATION('centroid',(#3444),#3416);
#3447=PROPERTY_DEFINITION_REPRESENTATION(#3445,#3446);
#3448=(LENGTH_UNIT()NAMED_UNIT(*)SI_UNIT(.MILLI.,.METRE.));
#3452=PROPERTY_DEFINITION('geometric validation property','area of C-1776113-2',
#3425);
#3453=REPRESENTATION('surface area',(#3451),#3416);
#3454=PROPERTY_DEFINITION_REPRESENTATION(#3452,#3453);
#3455=(LENGTH_UNIT()NAMED_UNIT(*)SI_UNIT(.MILLI.,.METRE.));
#3459=PROPERTY_DEFINITION('geometric validation property',
'volume of C-1776113-2',#3425);
#3460=REPRESENTATION('volume',(#3458),#3416);
#3461=PROPERTY_DEFINITION_REPRESENTATION(#3459,#3460);
#3463=PROPERTY_DEFINITION('geometric validation property',
'centroid of C-1776113-2',#3425);
#3464=REPRESENTATION('centroid',(#3462),#3416);
#3465=PROPERTY_DEFINITION_REPRESENTATION(#3463,#3464);
#3466=SHAPE_DEFINITION_REPRESENTATION(#3425,#3417);
ENDSEC;
END-ISO-10303-21;
